"GroupPolicyName","GroupPolicyKey","GroupPolicyValueName","IntuneDisplayName","IntuneName","IntuneKeywords","IntuneRootDefinitionId","IntuneOffsetURI","IntuneInfoUrls","IntuneMinimumSupportedVersion","IntuneWindowsSkus"
"CleanupInvalidSessions","Software\FSLogix\Apps","CleanupInvalidSessions","Clean-up Invalid Sessions","CleanupInvalidSessions","CleanupInvalidSessions; Clean-up Invalid Sessions; \FSLogix; Administrative Templates\FSLogix; FS Logix; FSLogix","device_vendor_msft_policy_config_fslogixv1~policy~fslogix_cleanupinvalidsessions","/Config/FSLogixv1~Policy~FSLogix/CleanupInvalidSessions","",,""
"ProfilesLockedRetryInterval","Software\FSLogix\Profiles","ProfilesLockedRetryInterval","Locked Retry Interval (Device)","ProfilesLockedRetryInterval","ProfilesLockedRetryInterval; Locked Retry Interval; \FSLogix\Profile Containers; Administrative Templates\FSLogix\Profile Containers; Profile Containers","device_vendor_msft_policy_config_fslogixv1~policy~fslogix~profiles_profileslockedretryinterval","/Config/FSLogixv1~Policy~FSLogix~Profiles/ProfilesLockedRetryInterval","",,""
"ProfilesLockedRetryInterval","Software\FSLogix\Profiles","ProfilesLockedRetryInterval","Locked Retry Interval","ProfilesLockedRetryInterval","ProfilesLockedRetryInterval; Locked Retry Interval; \FSLogix\Profile Containers; Administrative Templates\FSLogix\Profile Containers; Profile Containers","device_vendor_msft_policy_config_fslogixv1~policy~fslogix~profiles_profileslockedretryinterval","/Config/FSLogixv1~Policy~FSLogix~Profiles/ProfilesLockedRetryInterval","",,""
"ProfilesOutlookCachedMode","Software\FSLogix\Profiles","ProfilesOutlookCachedMode","Outlook Cached Mode","ProfilesOutlookCachedMode","ProfilesOutlookCachedMode; Outlook Cached Mode; \FSLogix\Profile Containers; Administrative Templates\FSLogix\Profile Containers; Profile Containers","device_vendor_msft_policy_config_fslogixv1~policy~fslogix~profiles_profilesoutlookcachedmode","/Config/FSLogixv1~Policy~FSLogix~Profiles/ProfilesOutlookCachedMode","",,""
"ProfilesPreventLoginWithFailure","Software\FSLogix\Profiles","ProfilesPreventLoginWithFailure","Prevent Login With Failure","ProfilesPreventLoginWithFailure","ProfilesPreventLoginWithFailure; Prevent Login With Failure; \FSLogix\Profile Containers; Administrative Templates\FSLogix\Profile Containers; Profile Containers","device_vendor_msft_policy_config_fslogixv1~policy~fslogix~profiles_profilespreventloginwithfailure","/Config/FSLogixv1~Policy~FSLogix~Profiles/ProfilesPreventLoginWithFailure","",,""
"ProfilesPreventLoginWithTempProfile","Software\FSLogix\Profiles","ProfilesPreventLoginWithTempProfile","Prevent Login With Temp Profile","ProfilesPreventLoginWithTempProfile","ProfilesPreventLoginWithTempProfile; Prevent Login With Temp Profile; \FSLogix\Profile Containers; Administrative Templates\FSLogix\Profile Containers; Profile Containers","device_vendor_msft_policy_config_fslogixv1~policy~fslogix~profiles_profilespreventloginwithtempprofile","/Config/FSLogixv1~Policy~FSLogix~Profiles/ProfilesPreventLoginWithTempProfile","",,""
"ProfilesProfileDirectorySDDL","Software\FSLogix\Profiles","ProfilesProfileDirectorySDDL","Profile Directory SDDL","ProfilesProfileDirectorySDDL","ProfilesProfileDirectorySDDL; Profile Directory SDDL; \FSLogix\Profile Containers; Administrative Templates\FSLogix\Profile Containers; Profile Containers","device_vendor_msft_policy_config_fslogixv1~policy~fslogix~profiles_profilesprofiledirectorysddl","/Config/FSLogixv1~Policy~FSLogix~Profiles/ProfilesProfileDirectorySDDL","",,""
"ProfilesProfileDirectorySDDL","Software\FSLogix\Profiles","ProfilesProfileDirectorySDDL","Profile Directory SDDL (Device)","ProfilesProfileDirectorySDDL","ProfilesProfileDirectorySDDL; Profile Directory SDDL; \FSLogix\Profile Containers; Administrative Templates\FSLogix\Profile Containers; Profile Containers","device_vendor_msft_policy_config_fslogixv1~policy~fslogix~profiles_profilesprofiledirectorysddl","/Config/FSLogixv1~Policy~FSLogix~Profiles/ProfilesProfileDirectorySDDL","",,""
"ProfilesProfileType","Software\FSLogix\Profiles","ProfilesProfileType","Profile Type","ProfilesProfileType","ProfilesProfileType; Profile Type; \FSLogix\Profile Containers; Administrative Templates\FSLogix\Profile Containers; Profile Containers","device_vendor_msft_policy_config_fslogixv1~policy~fslogix~profiles_profilesprofiletype","/Config/FSLogixv1~Policy~FSLogix~Profiles/ProfilesProfileType","",,""
"ProfilesLockedRetryCount","Software\FSLogix\Profiles","ProfilesLockedRetryCount","Locked Retry Count","ProfilesLockedRetryCount","ProfilesLockedRetryCount; Locked Retry Count; \FSLogix\Profile Containers; Administrative Templates\FSLogix\Profile Containers; Profile Containers","device_vendor_msft_policy_config_fslogixv1~policy~fslogix~profiles_profileslockedretrycount","/Config/FSLogixv1~Policy~FSLogix~Profiles/ProfilesLockedRetryCount","",,""
"ProfilesProfileType","Software\FSLogix\Profiles","ProfilesProfileType","","ProfilesProfileType","ProfilesProfileType; Profile Type; \FSLogix\Profile Containers; Administrative Templates\FSLogix\Profile Containers; Profile Containers","device_vendor_msft_policy_config_fslogixv1~policy~fslogix~profiles_profilesprofiletype","/Config/FSLogixv1~Policy~FSLogix~Profiles/ProfilesProfileType","",,""
"ProfilesReattachCount","Software\FSLogix\Profiles","ProfilesReattachCount","Reattach Count","ProfilesReattachCount","ProfilesReattachCount; Reattach Count; \FSLogix\Profile Containers; Administrative Templates\FSLogix\Profile Containers; Profile Containers","device_vendor_msft_policy_config_fslogixv1~policy~fslogix~profiles_profilesreattachcount","/Config/FSLogixv1~Policy~FSLogix~Profiles/ProfilesReattachCount","",,""
"ProfilesReattachInterval","Software\FSLogix\Profiles","ProfilesReattachInterval","Reattach Interval","ProfilesReattachInterval","ProfilesReattachInterval; Reattach Interval; \FSLogix\Profile Containers; Administrative Templates\FSLogix\Profile Containers; Profile Containers","device_vendor_msft_policy_config_fslogixv1~policy~fslogix~profiles_profilesreattachinterval","/Config/FSLogixv1~Policy~FSLogix~Profiles/ProfilesReattachInterval","",,""
"ProfilesReattachInterval","Software\FSLogix\Profiles","ProfilesReattachInterval","Reattach Interval (Device)","ProfilesReattachInterval","ProfilesReattachInterval; Reattach Interval; \FSLogix\Profile Containers; Administrative Templates\FSLogix\Profile Containers; Profile Containers","device_vendor_msft_policy_config_fslogixv1~policy~fslogix~profiles_profilesreattachinterval","/Config/FSLogixv1~Policy~FSLogix~Profiles/ProfilesReattachInterval","",,""
"ProfilesRebootOnUserLogoff","Software\FSLogix\Profiles","ProfilesRebootOnUserLogoff","Reboot On User Logoff","ProfilesRebootOnUserLogoff","ProfilesRebootOnUserLogoff; Reboot On User Logoff; \FSLogix\Profile Containers; Administrative Templates\FSLogix\Profile Containers; Profile Containers","device_vendor_msft_policy_config_fslogixv1~policy~fslogix~profiles_profilesrebootonuserlogoff","/Config/FSLogixv1~Policy~FSLogix~Profiles/ProfilesRebootOnUserLogoff","",,""
"ProfilesRebootOnUserLogoff","Software\FSLogix\Profiles","ProfilesRebootOnUserLogoff","","ProfilesRebootOnUserLogoff","ProfilesRebootOnUserLogoff; Reboot On User Logoff; \FSLogix\Profile Containers; Administrative Templates\FSLogix\Profile Containers; Profile Containers","device_vendor_msft_policy_config_fslogixv1~policy~fslogix~profiles_profilesrebootonuserlogoff","/Config/FSLogixv1~Policy~FSLogix~Profiles/ProfilesRebootOnUserLogoff","",,""
"ProfilesRedirectType","Software\FSLogix\Profiles","ProfilesRedirectType","","ProfilesRedirectType","ProfilesRedirectType; Redirect Type; \FSLogix\Profile Containers; Administrative Templates\FSLogix\Profile Containers; Profile Containers","device_vendor_msft_policy_config_fslogixv1~policy~fslogix~profiles_profilesredirecttype","/Config/FSLogixv1~Policy~FSLogix~Profiles/ProfilesRedirectType","",,""
"ProfilesRedirectType","Software\FSLogix\Profiles","ProfilesRedirectType","Redirect Type","ProfilesRedirectType","ProfilesRedirectType; Redirect Type; \FSLogix\Profile Containers; Administrative Templates\FSLogix\Profile Containers; Profile Containers","device_vendor_msft_policy_config_fslogixv1~policy~fslogix~profiles_profilesredirecttype","/Config/FSLogixv1~Policy~FSLogix~Profiles/ProfilesRedirectType","",,""
"ProfilesRedirectionXMLSourceFolder","Software\FSLogix\Profiles","ProfilesRedirectionXMLSourceFolder","Redirection XML Source Folder","ProfilesRedirectionXMLSourceFolder","ProfilesRedirectionXMLSourceFolder; Redirection XML Source Folder; \FSLogix\Profile Containers; Administrative Templates\FSLogix\Profile Containers; Profile Containers","device_vendor_msft_policy_config_fslogixv1~policy~fslogix~profiles_profilesredirectionxmlsourcefolder","/Config/FSLogixv1~Policy~FSLogix~Profiles/ProfilesRedirectionXMLSourceFolder","",,""
"ProfilesReattachCount","Software\FSLogix\Profiles","ProfilesReattachCount","Reattach Count (Device)","ProfilesReattachCount","ProfilesReattachCount; Reattach Count; \FSLogix\Profile Containers; Administrative Templates\FSLogix\Profile Containers; Profile Containers","device_vendor_msft_policy_config_fslogixv1~policy~fslogix~profiles_profilesreattachcount","/Config/FSLogixv1~Policy~FSLogix~Profiles/ProfilesReattachCount","",,""
"ProfilesRedirectionXMLSourceFolder","Software\FSLogix\Profiles","ProfilesRedirectionXMLSourceFolder","Redirection XML Source Folder (Device)","ProfilesRedirectionXMLSourceFolder","ProfilesRedirectionXMLSourceFolder; Redirection XML Source Folder; \FSLogix\Profile Containers; Administrative Templates\FSLogix\Profile Containers; Profile Containers","device_vendor_msft_policy_config_fslogixv1~policy~fslogix~profiles_profilesredirectionxmlsourcefolder","/Config/FSLogixv1~Policy~FSLogix~Profiles/ProfilesRedirectionXMLSourceFolder","",,""
"ProfilesLockedRetryCount","Software\FSLogix\Profiles","ProfilesLockedRetryCount","Locked Retry Count (Device)","ProfilesLockedRetryCount","ProfilesLockedRetryCount; Locked Retry Count; \FSLogix\Profile Containers; Administrative Templates\FSLogix\Profile Containers; Profile Containers","device_vendor_msft_policy_config_fslogixv1~policy~fslogix~profiles_profileslockedretrycount","/Config/FSLogixv1~Policy~FSLogix~Profiles/ProfilesLockedRetryCount","",,""
"ProfilesIsDynamicVHD","Software\FSLogix\Profiles","ProfilesIsDynamicVHD","Is Dynamic (VHD)","ProfilesIsDynamicVHD","ProfilesIsDynamicVHD; Is Dynamic (VHD); \FSLogix\Profile Containers; Administrative Templates\FSLogix\Profile Containers; Profile Containers","device_vendor_msft_policy_config_fslogixv1~policy~fslogix~profiles_profilesisdynamicvhd","/Config/FSLogixv1~Policy~FSLogix~Profiles/ProfilesIsDynamicVHD","",,""
"OdfcDiffDiskParentFolderPath","Software\Policies\FSLogix\ODFC","OdfcDiffDiskParentFolderPath","Diff Disk Parent Folder Path","OdfcDiffDiskParentFolderPath","OdfcDiffDiskParentFolderPath; Diff Disk Parent Folder Path; \FSLogix\ODFC Containers\Container and Directory Naming; Administrative Templates\FSLogix\ODFC Containers\Container and Directory Naming; Container and Directory Naming","device_vendor_msft_policy_config_fslogixv1~policy~fslogix~odfc~odfc_containeranddirectorynaming_odfcdiffdiskparentfolderpath","/Config/FSLogixv1~Policy~FSLogix~ODFC~ODFC_ContainerandDirectoryNaming/OdfcDiffDiskParentFolderPath","",,""
"OdfcFlipFlopProfileDirectoryName","Software\Policies\FSLogix\ODFC","OdfcFlipFlopProfileDirectoryName","Flip Flop Profile Directory Name","OdfcFlipFlopProfileDirectoryName","OdfcFlipFlopProfileDirectoryName; Flip Flop Profile Directory Name; \FSLogix\ODFC Containers\Container and Directory Naming; Administrative Templates\FSLogix\ODFC Containers\Container and Directory Naming; Container and Directory Naming","device_vendor_msft_policy_config_fslogixv1~policy~fslogix~odfc~odfc_containeranddirectorynaming_odfcflipflopprofiledirectoryname","/Config/FSLogixv1~Policy~FSLogix~ODFC~ODFC_ContainerandDirectoryNaming/OdfcFlipFlopProfileDirectoryName","",,""
"OdfcNoProfileContainingFolder","Software\Policies\FSLogix\ODFC","OdfcNoProfileContainingFolder","No Profile Containing Folder","OdfcNoProfileContainingFolder","OdfcNoProfileContainingFolder; No Profile Containing Folder; \FSLogix\ODFC Containers\Container and Directory Naming; Administrative Templates\FSLogix\ODFC Containers\Container and Directory Naming; Container and Directory Naming","device_vendor_msft_policy_config_fslogixv1~policy~fslogix~odfc~odfc_containeranddirectorynaming_odfcnoprofilecontainingfolder","/Config/FSLogixv1~Policy~FSLogix~ODFC~ODFC_ContainerandDirectoryNaming/OdfcNoProfileContainingFolder","",,""
"OdfcSIDDirectoryNameMatch","Software\Policies\FSLogix\ODFC","OdfcSIDDirectoryNameMatch","SID Directory Name Match (Device)","OdfcSIDDirectoryNameMatch","OdfcSIDDirectoryNameMatch; SID Directory Name Match; \FSLogix\ODFC Containers\Container and Directory Naming; Administrative Templates\FSLogix\ODFC Containers\Container and Directory Naming; Container and Directory Naming","device_vendor_msft_policy_config_fslogixv1~policy~fslogix~odfc~odfc_containeranddirectorynaming_odfcsiddirectorynamematch","/Config/FSLogixv1~Policy~FSLogix~ODFC~ODFC_ContainerandDirectoryNaming/OdfcSIDDirectoryNameMatch","",,""
"OdfcSIDDirectoryNameMatch","Software\Policies\FSLogix\ODFC","OdfcSIDDirectoryNameMatch","SID Directory Name Match","OdfcSIDDirectoryNameMatch","OdfcSIDDirectoryNameMatch; SID Directory Name Match; \FSLogix\ODFC Containers\Container and Directory Naming; Administrative Templates\FSLogix\ODFC Containers\Container and Directory Naming; Container and Directory Naming","device_vendor_msft_policy_config_fslogixv1~policy~fslogix~odfc~odfc_containeranddirectorynaming_odfcsiddirectorynamematch","/Config/FSLogixv1~Policy~FSLogix~ODFC~ODFC_ContainerandDirectoryNaming/OdfcSIDDirectoryNameMatch","",,""
"OdfcSIDDirectoryNamePattern","Software\Policies\FSLogix\ODFC","OdfcSIDDirectoryNamePattern","SID Directory Name Pattern","OdfcSIDDirectoryNamePattern","OdfcSIDDirectoryNamePattern; SID Directory Name Pattern; \FSLogix\ODFC Containers\Container and Directory Naming; Administrative Templates\FSLogix\ODFC Containers\Container and Directory Naming; Container and Directory Naming","device_vendor_msft_policy_config_fslogixv1~policy~fslogix~odfc~odfc_containeranddirectorynaming_odfcsiddirectorynamepattern","/Config/FSLogixv1~Policy~FSLogix~ODFC~ODFC_ContainerandDirectoryNaming/OdfcSIDDirectoryNamePattern","",,""
"OdfcSIDDirectoryNamePattern","Software\Policies\FSLogix\ODFC","OdfcSIDDirectoryNamePattern","SID Directory Name Pattern (Device)","OdfcSIDDirectoryNamePattern","OdfcSIDDirectoryNamePattern; SID Directory Name Pattern; \FSLogix\ODFC Containers\Container and Directory Naming; Administrative Templates\FSLogix\ODFC Containers\Container and Directory Naming; Container and Directory Naming","device_vendor_msft_policy_config_fslogixv1~policy~fslogix~odfc~odfc_containeranddirectorynaming_odfcsiddirectorynamepattern","/Config/FSLogixv1~Policy~FSLogix~ODFC~ODFC_ContainerandDirectoryNaming/OdfcSIDDirectoryNamePattern","",,""
"OdfcVHDNameMatch","Software\Policies\FSLogix\ODFC","OdfcVHDNameMatch","VHD Name Match","OdfcVHDNameMatch","OdfcVHDNameMatch; VHD Name Match; \FSLogix\ODFC Containers\Container and Directory Naming; Administrative Templates\FSLogix\ODFC Containers\Container and Directory Naming; Container and Directory Naming","device_vendor_msft_policy_config_fslogixv1~policy~fslogix~odfc~odfc_containeranddirectorynaming_odfcvhdnamematch","/Config/FSLogixv1~Policy~FSLogix~ODFC~ODFC_ContainerandDirectoryNaming/OdfcVHDNameMatch","",,""
"ProfilesKeepLocalDirectoryafterlogoff","Software\FSLogix\Profiles","ProfilesKeepLocalDirectoryafterlogoff","Keep Local Directory (after logoff)","ProfilesKeepLocalDirectoryafterlogoff","ProfilesKeepLocalDirectoryafterlogoff; Keep Local Directory (after logoff); \FSLogix\Profile Containers; Administrative Templates\FSLogix\Profile Containers; Profile Containers","device_vendor_msft_policy_config_fslogixv1~policy~fslogix~profiles_profileskeeplocaldirectoryafterlogoff","/Config/FSLogixv1~Policy~FSLogix~Profiles/ProfilesKeepLocalDirectoryafterlogoff","",,""
"OdfcVHDNameMatch","Software\Policies\FSLogix\ODFC","OdfcVHDNameMatch","VHD Name Match (Device)","OdfcVHDNameMatch","OdfcVHDNameMatch; VHD Name Match; \FSLogix\ODFC Containers\Container and Directory Naming; Administrative Templates\FSLogix\ODFC Containers\Container and Directory Naming; Container and Directory Naming","device_vendor_msft_policy_config_fslogixv1~policy~fslogix~odfc~odfc_containeranddirectorynaming_odfcvhdnamematch","/Config/FSLogixv1~Policy~FSLogix~ODFC~ODFC_ContainerandDirectoryNaming/OdfcVHDNameMatch","",,""
"OdfcVHDNamePattern","Software\Policies\FSLogix\ODFC","OdfcVHDNamePattern","VHD Name Pattern","OdfcVHDNamePattern","OdfcVHDNamePattern; VHD Name Pattern; \FSLogix\ODFC Containers\Container and Directory Naming; Administrative Templates\FSLogix\ODFC Containers\Container and Directory Naming; Container and Directory Naming","device_vendor_msft_policy_config_fslogixv1~policy~fslogix~odfc~odfc_containeranddirectorynaming_odfcvhdnamepattern","/Config/FSLogixv1~Policy~FSLogix~ODFC~ODFC_ContainerandDirectoryNaming/OdfcVHDNamePattern","",,""
"ProfilesAccessNetworkasComputer","Software\FSLogix\Profiles","ProfilesAccessNetworkasComputer","Access Network as Computer Object","ProfilesAccessNetworkasComputer","ProfilesAccessNetworkasComputer; Access Network as Computer Object; \FSLogix\Profile Containers; Administrative Templates\FSLogix\Profile Containers; Profile Containers","device_vendor_msft_policy_config_fslogixv1~policy~fslogix~profiles_profilesaccessnetworkascomputer","/Config/FSLogixv1~Policy~FSLogix~Profiles/ProfilesAccessNetworkasComputer","",,""
"ProfilesAttachedVHDSDDL","Software\FSLogix\Profiles","ProfilesAttachedVHDSDDL","Attached VHD SDDL (Device)","ProfilesAttachedVHDSDDL","ProfilesAttachedVHDSDDL; Attached VHD SDDL; \FSLogix\Profile Containers; Administrative Templates\FSLogix\Profile Containers; Profile Containers","device_vendor_msft_policy_config_fslogixv1~policy~fslogix~profiles_profilesattachedvhdsddl","/Config/FSLogixv1~Policy~FSLogix~Profiles/ProfilesAttachedVHDSDDL","",,""
"ProfilesAttachedVHDSDDL","Software\FSLogix\Profiles","ProfilesAttachedVHDSDDL","Attached VHD SDDL","ProfilesAttachedVHDSDDL","ProfilesAttachedVHDSDDL; Attached VHD SDDL; \FSLogix\Profile Containers; Administrative Templates\FSLogix\Profile Containers; Profile Containers","device_vendor_msft_policy_config_fslogixv1~policy~fslogix~profiles_profilesattachedvhdsddl","/Config/FSLogixv1~Policy~FSLogix~Profiles/ProfilesAttachedVHDSDDL","",,""
"ProfilesCleanOutNotifications","Software\FSLogix\Profiles","ProfilesCleanOutNotifications","Clean Out Notifications","ProfilesCleanOutNotifications","ProfilesCleanOutNotifications; Clean Out Notifications; \FSLogix\Profile Containers; Administrative Templates\FSLogix\Profile Containers; Profile Containers","device_vendor_msft_policy_config_fslogixv1~policy~fslogix~profiles_profilescleanoutnotifications","/Config/FSLogixv1~Policy~FSLogix~Profiles/ProfilesCleanOutNotifications","",,""
"ProfilesDeleteLocalProfileWhenVHDShouldApply","Software\FSLogix\Profiles","ProfilesDeleteLocalProfileWhenVHDShouldApply","Delete Local Profile When VHD Should Apply","ProfilesDeleteLocalProfileWhenVHDShouldApply","ProfilesDeleteLocalProfileWhenVHDShouldApply; Delete Local Profile When VHD Should Apply; \FSLogix\Profile Containers; Administrative Templates\FSLogix\Profile Containers; Profile Containers","device_vendor_msft_policy_config_fslogixv1~policy~fslogix~profiles_profilesdeletelocalprofilewhenvhdshouldapply","/Config/FSLogixv1~Policy~FSLogix~Profiles/ProfilesDeleteLocalProfileWhenVHDShouldApply","",,""
"ProfilesEnabled","Software\FSLogix\Profiles","ProfilesEnabled","Enabled","ProfilesEnabled","ProfilesEnabled; Enabled; \FSLogix\Profile Containers; Administrative Templates\FSLogix\Profile Containers; Profile Containers","device_vendor_msft_policy_config_fslogixv1~policy~fslogix~profiles_profilesenabled","/Config/FSLogixv1~Policy~FSLogix~Profiles/ProfilesEnabled","",,""
"ProfilesInstallAppxPackages","Software\FSLogix\Profiles","ProfilesInstallAppxPackages","Install Appx Packages","ProfilesInstallAppxPackages","ProfilesInstallAppxPackages; Install Appx Packages; \FSLogix\Profile Containers; Administrative Templates\FSLogix\Profile Containers; Profile Containers","device_vendor_msft_policy_config_fslogixv1~policy~fslogix~profiles_profilesinstallappxpackages","/Config/FSLogixv1~Policy~FSLogix~Profiles/ProfilesInstallAppxPackages","",,""
"OdfcVHDNamePattern","Software\Policies\FSLogix\ODFC","OdfcVHDNamePattern","VHD Name Pattern (Device)","OdfcVHDNamePattern","OdfcVHDNamePattern; VHD Name Pattern; \FSLogix\ODFC Containers\Container and Directory Naming; Administrative Templates\FSLogix\ODFC Containers\Container and Directory Naming; Container and Directory Naming","device_vendor_msft_policy_config_fslogixv1~policy~fslogix~odfc~odfc_containeranddirectorynaming_odfcvhdnamepattern","/Config/FSLogixv1~Policy~FSLogix~ODFC~ODFC_ContainerandDirectoryNaming/OdfcVHDNamePattern","",,""
"OdfcDiffDiskParentFolderPath","Software\Policies\FSLogix\ODFC","OdfcDiffDiskParentFolderPath","Diff Disk Parent Folder Path (Device)","OdfcDiffDiskParentFolderPath","OdfcDiffDiskParentFolderPath; Diff Disk Parent Folder Path; \FSLogix\ODFC Containers\Container and Directory Naming; Administrative Templates\FSLogix\ODFC Containers\Container and Directory Naming; Container and Directory Naming","device_vendor_msft_policy_config_fslogixv1~policy~fslogix~odfc~odfc_containeranddirectorynaming_odfcdiffdiskparentfolderpath","/Config/FSLogixv1~Policy~FSLogix~ODFC~ODFC_ContainerandDirectoryNaming/OdfcDiffDiskParentFolderPath","",,""
"ProfilesRemoveOrphanedOSTFilesOnLogoff","Software\FSLogix\Profiles","ProfilesRemoveOrphanedOSTFilesOnLogoff","Remove Orphaned OST Files On Logoff","ProfilesRemoveOrphanedOSTFilesOnLogoff","ProfilesRemoveOrphanedOSTFilesOnLogoff; Remove Orphaned OST Files On Logoff; \FSLogix\Profile Containers; Administrative Templates\FSLogix\Profile Containers; Profile Containers","device_vendor_msft_policy_config_fslogixv1~policy~fslogix~profiles_profilesremoveorphanedostfilesonlogoff","/Config/FSLogixv1~Policy~FSLogix~Profiles/ProfilesRemoveOrphanedOSTFilesOnLogoff","",,""
"ProfilesRoamSearch","Software\FSLogix\Profiles","ProfilesRoamSearch","","ProfilesRoamSearch","ProfilesRoamSearch; Roam Search; \FSLogix\Profile Containers; Administrative Templates\FSLogix\Profile Containers; Profile Containers","device_vendor_msft_policy_config_fslogixv1~policy~fslogix~profiles_profilesroamsearch","/Config/FSLogixv1~Policy~FSLogix~Profiles/ProfilesRoamSearch","",,""
"ProfilesClearCacheonForcedUnregister","Software\FSLogix\Profiles","ProfilesClearCacheonForcedUnregister","Clear Cache on Forced Unregister","ProfilesClearCacheonForcedUnregister","ProfilesClearCacheonForcedUnregister; Clear Cache on Forced Unregister; \FSLogix\Profile Containers\Cloud Cache; Administrative Templates\FSLogix\Profile Containers\Cloud Cache; Cloud Cache","device_vendor_msft_policy_config_fslogixv1~policy~fslogix~profiles~profiles_ccd_profilesclearcacheonforcedunregister","/Config/FSLogixv1~Policy~FSLogix~Profiles~Profiles_CCD/ProfilesClearCacheonForcedUnregister","",,""
"ProfilesClearCacheonLogoff","Software\FSLogix\Profiles","ProfilesClearCacheonLogoff","Clear Cache on Logoff","ProfilesClearCacheonLogoff","ProfilesClearCacheonLogoff; Clear Cache on Logoff; \FSLogix\Profile Containers\Cloud Cache; Administrative Templates\FSLogix\Profile Containers\Cloud Cache; Cloud Cache","device_vendor_msft_policy_config_fslogixv1~policy~fslogix~profiles~profiles_ccd_profilesclearcacheonlogoff","/Config/FSLogixv1~Policy~FSLogix~Profiles~Profiles_CCD/ProfilesClearCacheonLogoff","",,""
"ProfilesHealthyProvidersRequiredForRegister","Software\FSLogix\Profiles","ProfilesHealthyProvidersRequiredForRegister","Healthy Providers Required For Register (Device)","ProfilesHealthyProvidersRequiredForRegister","ProfilesHealthyProvidersRequiredForRegister; Healthy Providers Required For Register; \FSLogix\Profile Containers\Cloud Cache; Administrative Templates\FSLogix\Profile Containers\Cloud Cache; Cloud Cache","device_vendor_msft_policy_config_fslogixv1~policy~fslogix~profiles~profiles_ccd_profileshealthyprovidersrequiredforregister","/Config/FSLogixv1~Policy~FSLogix~Profiles~Profiles_CCD/ProfilesHealthyProvidersRequiredForRegister","",,""
"ProfilesHealthyProvidersRequiredForRegister","Software\FSLogix\Profiles","ProfilesHealthyProvidersRequiredForRegister","Healthy Providers Required For Register","ProfilesHealthyProvidersRequiredForRegister","ProfilesHealthyProvidersRequiredForRegister; Healthy Providers Required For Register; \FSLogix\Profile Containers\Cloud Cache; Administrative Templates\FSLogix\Profile Containers\Cloud Cache; Cloud Cache","device_vendor_msft_policy_config_fslogixv1~policy~fslogix~profiles~profiles_ccd_profileshealthyprovidersrequiredforregister","/Config/FSLogixv1~Policy~FSLogix~Profiles~Profiles_CCD/ProfilesHealthyProvidersRequiredForRegister","",,""
"ProfilesHealthyProvidersRequiredForUnregister","Software\FSLogix\Profiles","ProfilesHealthyProvidersRequiredForUnregister","Healthy Providers Required For Unregister (Device)","ProfilesHealthyProvidersRequiredForUnregister","ProfilesHealthyProvidersRequiredForUnregister; Healthy Providers Required For Unregister; \FSLogix\Profile Containers\Cloud Cache; Administrative Templates\FSLogix\Profile Containers\Cloud Cache; Cloud Cache","device_vendor_msft_policy_config_fslogixv1~policy~fslogix~profiles~profiles_ccd_profileshealthyprovidersrequiredforunregister","/Config/FSLogixv1~Policy~FSLogix~Profiles~Profiles_CCD/ProfilesHealthyProvidersRequiredForUnregister","",,""
"ProfilesHealthyProvidersRequiredForUnregister","Software\FSLogix\Profiles","ProfilesHealthyProvidersRequiredForUnregister","Healthy Providers Required For Unregister","ProfilesHealthyProvidersRequiredForUnregister","ProfilesHealthyProvidersRequiredForUnregister; Healthy Providers Required For Unregister; \FSLogix\Profile Containers\Cloud Cache; Administrative Templates\FSLogix\Profile Containers\Cloud Cache; Cloud Cache","device_vendor_msft_policy_config_fslogixv1~policy~fslogix~profiles~profiles_ccd_profileshealthyprovidersrequiredforunregister","/Config/FSLogixv1~Policy~FSLogix~Profiles~Profiles_CCD/ProfilesHealthyProvidersRequiredForUnregister","",,""
"ProfilesDiffDiskParentFolderPath","Software\FSLogix\Profiles","ProfilesDiffDiskParentFolderPath","Diff Disk Parent Folder Path","ProfilesDiffDiskParentFolderPath","ProfilesDiffDiskParentFolderPath; Diff Disk Parent Folder Path; \FSLogix\Profile Containers\Container and Directory Naming; Administrative Templates\FSLogix\Profile Containers\Container and Directory Naming; Container and Directory Naming","device_vendor_msft_policy_config_fslogixv1~policy~fslogix~profiles~profiles_containeranddirectorynaming_profilesdiffdiskparentfolderpath","/Config/FSLogixv1~Policy~FSLogix~Profiles~Profiles_ContainerandDirectoryNaming/ProfilesDiffDiskParentFolderPath","",,""
"ProfilesDiffDiskParentFolderPath","Software\FSLogix\Profiles","ProfilesDiffDiskParentFolderPath","Diff Disk Parent Folder Path (Device)","ProfilesDiffDiskParentFolderPath","ProfilesDiffDiskParentFolderPath; Diff Disk Parent Folder Path; \FSLogix\Profile Containers\Container and Directory Naming; Administrative Templates\FSLogix\Profile Containers\Container and Directory Naming; Container and Directory Naming","device_vendor_msft_policy_config_fslogixv1~policy~fslogix~profiles~profiles_containeranddirectorynaming_profilesdiffdiskparentfolderpath","/Config/FSLogixv1~Policy~FSLogix~Profiles~Profiles_ContainerandDirectoryNaming/ProfilesDiffDiskParentFolderPath","",,""
"ProfilesCCDUnregisterTimeout","Software\FSLogix\Profiles","ProfilesCCDUnregisterTimeout","CCD Unregister Timeout (Device)","ProfilesCCDUnregisterTimeout","ProfilesCCDUnregisterTimeout; CCD Unregister Timeout; \FSLogix\Profile Containers\Cloud Cache; Administrative Templates\FSLogix\Profile Containers\Cloud Cache; Cloud Cache","device_vendor_msft_policy_config_fslogixv1~policy~fslogix~profiles~profiles_ccd_profilesccdunregistertimeout","/Config/FSLogixv1~Policy~FSLogix~Profiles~Profiles_CCD/ProfilesCCDUnregisterTimeout","",,""
"ProfilesFlipFlopProfileDirectoryName","Software\FSLogix\Profiles","ProfilesFlipFlopProfileDirectoryName","Flip Flop Profile Directory Name","ProfilesFlipFlopProfileDirectoryName","ProfilesFlipFlopProfileDirectoryName; Flip Flop Profile Directory Name; \FSLogix\Profile Containers\Container and Directory Naming; Administrative Templates\FSLogix\Profile Containers\Container and Directory Naming; Container and Directory Naming","device_vendor_msft_policy_config_fslogixv1~policy~fslogix~profiles~profiles_containeranddirectorynaming_profilesflipflopprofiledirectoryname","/Config/FSLogixv1~Policy~FSLogix~Profiles~Profiles_ContainerandDirectoryNaming/ProfilesFlipFlopProfileDirectoryName","",,""
"ProfilesSIDDirectoryNameMatch","Software\FSLogix\Profiles","ProfilesSIDDirectoryNameMatch","SID Directory Name Match (Device)","ProfilesSIDDirectoryNameMatch","ProfilesSIDDirectoryNameMatch; SID Directory Name Match; \FSLogix\Profile Containers\Container and Directory Naming; Administrative Templates\FSLogix\Profile Containers\Container and Directory Naming; Container and Directory Naming","device_vendor_msft_policy_config_fslogixv1~policy~fslogix~profiles~profiles_containeranddirectorynaming_profilessiddirectorynamematch","/Config/FSLogixv1~Policy~FSLogix~Profiles~Profiles_ContainerandDirectoryNaming/ProfilesSIDDirectoryNameMatch","",,""
"ProfilesSIDDirectoryNameMatch","Software\FSLogix\Profiles","ProfilesSIDDirectoryNameMatch","SID Directory Name Match","ProfilesSIDDirectoryNameMatch","ProfilesSIDDirectoryNameMatch; SID Directory Name Match; \FSLogix\Profile Containers\Container and Directory Naming; Administrative Templates\FSLogix\Profile Containers\Container and Directory Naming; Container and Directory Naming","device_vendor_msft_policy_config_fslogixv1~policy~fslogix~profiles~profiles_containeranddirectorynaming_profilessiddirectorynamematch","/Config/FSLogixv1~Policy~FSLogix~Profiles~Profiles_ContainerandDirectoryNaming/ProfilesSIDDirectoryNameMatch","",,""
"ProfilesSIDDirectoryNamePattern","Software\FSLogix\Profiles","ProfilesSIDDirectoryNamePattern","SID Directory Name Pattern","ProfilesSIDDirectoryNamePattern","ProfilesSIDDirectoryNamePattern; SID Directory Name Pattern; \FSLogix\Profile Containers\Container and Directory Naming; Administrative Templates\FSLogix\Profile Containers\Container and Directory Naming; Container and Directory Naming","device_vendor_msft_policy_config_fslogixv1~policy~fslogix~profiles~profiles_containeranddirectorynaming_profilessiddirectorynamepattern","/Config/FSLogixv1~Policy~FSLogix~Profiles~Profiles_ContainerandDirectoryNaming/ProfilesSIDDirectoryNamePattern","",,""
"ProfilesSIDDirectoryNamePattern","Software\FSLogix\Profiles","ProfilesSIDDirectoryNamePattern","SID Directory Name Pattern (Device)","ProfilesSIDDirectoryNamePattern","ProfilesSIDDirectoryNamePattern; SID Directory Name Pattern; \FSLogix\Profile Containers\Container and Directory Naming; Administrative Templates\FSLogix\Profile Containers\Container and Directory Naming; Container and Directory Naming","device_vendor_msft_policy_config_fslogixv1~policy~fslogix~profiles~profiles_containeranddirectorynaming_profilessiddirectorynamepattern","/Config/FSLogixv1~Policy~FSLogix~Profiles~Profiles_ContainerandDirectoryNaming/ProfilesSIDDirectoryNamePattern","",,""
"ProfilesVHDNameMatch","Software\FSLogix\Profiles","ProfilesVHDNameMatch","VHD Name Match (Device)","ProfilesVHDNameMatch","ProfilesVHDNameMatch; VHD Name Match; \FSLogix\Profile Containers\Container and Directory Naming; Administrative Templates\FSLogix\Profile Containers\Container and Directory Naming; Container and Directory Naming","device_vendor_msft_policy_config_fslogixv1~policy~fslogix~profiles~profiles_containeranddirectorynaming_profilesvhdnamematch","/Config/FSLogixv1~Policy~FSLogix~Profiles~Profiles_ContainerandDirectoryNaming/ProfilesVHDNameMatch","",,""
"ProfilesVHDNameMatch","Software\FSLogix\Profiles","ProfilesVHDNameMatch","VHD Name Match","ProfilesVHDNameMatch","ProfilesVHDNameMatch; VHD Name Match; \FSLogix\Profile Containers\Container and Directory Naming; Administrative Templates\FSLogix\Profile Containers\Container and Directory Naming; Container and Directory Naming","device_vendor_msft_policy_config_fslogixv1~policy~fslogix~profiles~profiles_containeranddirectorynaming_profilesvhdnamematch","/Config/FSLogixv1~Policy~FSLogix~Profiles~Profiles_ContainerandDirectoryNaming/ProfilesVHDNameMatch","",,""
"ProfilesVHDNamePattern","Software\FSLogix\Profiles","ProfilesVHDNamePattern","VHD Name Pattern (Device)","ProfilesVHDNamePattern","ProfilesVHDNamePattern; VHD Name Pattern; \FSLogix\Profile Containers\Container and Directory Naming; Administrative Templates\FSLogix\Profile Containers\Container and Directory Naming; Container and Directory Naming","device_vendor_msft_policy_config_fslogixv1~policy~fslogix~profiles~profiles_containeranddirectorynaming_profilesvhdnamepattern","/Config/FSLogixv1~Policy~FSLogix~Profiles~Profiles_ContainerandDirectoryNaming/ProfilesVHDNamePattern","",,""
"ProfilesVHDNamePattern","Software\FSLogix\Profiles","ProfilesVHDNamePattern","VHD Name Pattern","ProfilesVHDNamePattern","ProfilesVHDNamePattern; VHD Name Pattern; \FSLogix\Profile Containers\Container and Directory Naming; Administrative Templates\FSLogix\Profile Containers\Container and Directory Naming; Container and Directory Naming","device_vendor_msft_policy_config_fslogixv1~policy~fslogix~profiles~profiles_containeranddirectorynaming_profilesvhdnamepattern","/Config/FSLogixv1~Policy~FSLogix~Profiles~Profiles_ContainerandDirectoryNaming/ProfilesVHDNamePattern","",,""
"ProfilesNoProfileContainingFolder","Software\FSLogix\Profiles","ProfilesNoProfileContainingFolder","No Profile Containing Folder","ProfilesNoProfileContainingFolder","ProfilesNoProfileContainingFolder; No Profile Containing Folder; \FSLogix\Profile Containers\Container and Directory Naming; Administrative Templates\FSLogix\Profile Containers\Container and Directory Naming; Container and Directory Naming","device_vendor_msft_policy_config_fslogixv1~policy~fslogix~profiles~profiles_containeranddirectorynaming_profilesnoprofilecontainingfolder","/Config/FSLogixv1~Policy~FSLogix~Profiles~Profiles_ContainerandDirectoryNaming/ProfilesNoProfileContainingFolder","",,""
"ProfilesRoamIdentity","Software\FSLogix\Profiles","ProfilesRoamIdentity","Roam Identity","ProfilesRoamIdentity","ProfilesRoamIdentity; Roam Identity; \FSLogix\Profile Containers; Administrative Templates\FSLogix\Profile Containers; Profile Containers","device_vendor_msft_policy_config_fslogixv1~policy~fslogix~profiles_profilesroamidentity","/Config/FSLogixv1~Policy~FSLogix~Profiles/ProfilesRoamIdentity","",,""
"ProfilesCCDUnregisterTimeout","Software\FSLogix\Profiles","ProfilesCCDUnregisterTimeout","CCD Unregister Timeout","ProfilesCCDUnregisterTimeout","ProfilesCCDUnregisterTimeout; CCD Unregister Timeout; \FSLogix\Profile Containers\Cloud Cache; Administrative Templates\FSLogix\Profile Containers\Cloud Cache; Cloud Cache","device_vendor_msft_policy_config_fslogixv1~policy~fslogix~profiles~profiles_ccd_profilesccdunregistertimeout","/Config/FSLogixv1~Policy~FSLogix~Profiles~Profiles_CCD/ProfilesCCDUnregisterTimeout","",,""
"ProfilesCCDMaxCacheSizeinMBs","Software\FSLogix\Profiles","ProfilesCCDMaxCacheSizeinMBs","CCD Max Cache Size in MBs","ProfilesCCDMaxCacheSizeinMBs","ProfilesCCDMaxCacheSizeinMBs; CCD Max Cache Size in MBs; \FSLogix\Profile Containers\Cloud Cache; Administrative Templates\FSLogix\Profile Containers\Cloud Cache; Cloud Cache","device_vendor_msft_policy_config_fslogixv1~policy~fslogix~profiles~profiles_ccd_profilesccdmaxcachesizeinmbs","/Config/FSLogixv1~Policy~FSLogix~Profiles~Profiles_CCD/ProfilesCCDMaxCacheSizeinMBs","",,""
"ProfilesRoamSearch","Software\FSLogix\Profiles","ProfilesRoamSearch","Roam Search","ProfilesRoamSearch","ProfilesRoamSearch; Roam Search; \FSLogix\Profile Containers; Administrative Templates\FSLogix\Profile Containers; Profile Containers","device_vendor_msft_policy_config_fslogixv1~policy~fslogix~profiles_profilesroamsearch","/Config/FSLogixv1~Policy~FSLogix~Profiles/ProfilesRoamSearch","",,""
"ProfilesRoamGroupPolicyState","Software\FSLogix\Profiles","ProfilesRoamGroupPolicyState","","","","","","","",""
"ProfilesSetTempFolderstoLocalPath","Software\FSLogix\Profiles","ProfilesSetTempFolderstoLocalPath","","ProfilesSetTempFolderstoLocalPath","ProfilesSetTempFolderstoLocalPath; Set Temp Folders to Local Path; \FSLogix\Profile Containers; Administrative Templates\FSLogix\Profile Containers; Profile Containers","device_vendor_msft_policy_config_fslogixv1~policy~fslogix~profiles_profilessettempfolderstolocalpath","/Config/FSLogixv1~Policy~FSLogix~Profiles/ProfilesSetTempFolderstoLocalPath","",,""
"ProfilesSetTempFolderstoLocalPath","Software\FSLogix\Profiles","ProfilesSetTempFolderstoLocalPath","Set Temp Folders to Local Path","ProfilesSetTempFolderstoLocalPath","ProfilesSetTempFolderstoLocalPath; Set Temp Folders to Local Path; \FSLogix\Profile Containers; Administrative Templates\FSLogix\Profile Containers; Profile Containers","device_vendor_msft_policy_config_fslogixv1~policy~fslogix~profiles_profilessettempfolderstolocalpath","/Config/FSLogixv1~Policy~FSLogix~Profiles/ProfilesSetTempFolderstoLocalPath","",,""
"ProfilesShutdownOnUserLogoff","Software\FSLogix\Profiles","ProfilesShutdownOnUserLogoff","","ProfilesShutdownOnUserLogoff","ProfilesShutdownOnUserLogoff; Shutdown On User Logoff; \FSLogix\Profile Containers; Administrative Templates\FSLogix\Profile Containers; Profile Containers","device_vendor_msft_policy_config_fslogixv1~policy~fslogix~profiles_profilesshutdownonuserlogoff","/Config/FSLogixv1~Policy~FSLogix~Profiles/ProfilesShutdownOnUserLogoff","",,""
"ProfilesShutdownOnUserLogoff","Software\FSLogix\Profiles","ProfilesShutdownOnUserLogoff","Shutdown On User Logoff","ProfilesShutdownOnUserLogoff","ProfilesShutdownOnUserLogoff; Shutdown On User Logoff; \FSLogix\Profile Containers; Administrative Templates\FSLogix\Profile Containers; Profile Containers","device_vendor_msft_policy_config_fslogixv1~policy~fslogix~profiles_profilesshutdownonuserlogoff","/Config/FSLogixv1~Policy~FSLogix~Profiles/ProfilesShutdownOnUserLogoff","",,""
"ProfilesSIDDirectorySDDL","Software\FSLogix\Profiles","ProfilesSIDDirectorySDDL","SID Directory SDDL (Device)","ProfilesSIDDirectorySDDL","ProfilesSIDDirectorySDDL; SID Directory SDDL; \FSLogix\Profile Containers; Administrative Templates\FSLogix\Profile Containers; Profile Containers","device_vendor_msft_policy_config_fslogixv1~policy~fslogix~profiles_profilessiddirectorysddl","/Config/FSLogixv1~Policy~FSLogix~Profiles/ProfilesSIDDirectorySDDL","",,""
"ProfilesSIDDirectorySDDL","Software\FSLogix\Profiles","ProfilesSIDDirectorySDDL","SID Directory SDDL","ProfilesSIDDirectorySDDL","ProfilesSIDDirectorySDDL; SID Directory SDDL; \FSLogix\Profile Containers; Administrative Templates\FSLogix\Profile Containers; Profile Containers","device_vendor_msft_policy_config_fslogixv1~policy~fslogix~profiles_profilessiddirectorysddl","/Config/FSLogixv1~Policy~FSLogix~Profiles/ProfilesSIDDirectorySDDL","",,""
"ProfilesCCDMaxCacheSizeinMBs","Software\FSLogix\Profiles","ProfilesCCDMaxCacheSizeinMBs","CCD Max Cache Size in MBs (Device)","ProfilesCCDMaxCacheSizeinMBs","ProfilesCCDMaxCacheSizeinMBs; CCD Max Cache Size in MBs; \FSLogix\Profile Containers\Cloud Cache; Administrative Templates\FSLogix\Profile Containers\Cloud Cache; Cloud Cache","device_vendor_msft_policy_config_fslogixv1~policy~fslogix~profiles~profiles_ccd_profilesccdmaxcachesizeinmbs","/Config/FSLogixv1~Policy~FSLogix~Profiles~Profiles_CCD/ProfilesCCDMaxCacheSizeinMBs","",,""
"ProfilesSizeInMBs","Software\FSLogix\Profiles","ProfilesSizeInMBs","Size In MBs","ProfilesSizeInMBs","ProfilesSizeInMBs; Size In MBs; \FSLogix\Profile Containers; Administrative Templates\FSLogix\Profile Containers; Profile Containers","device_vendor_msft_policy_config_fslogixv1~policy~fslogix~profiles_profilessizeinmbs","/Config/FSLogixv1~Policy~FSLogix~Profiles/ProfilesSizeInMBs","",,""
"ProfilesVHDLocations","Software\FSLogix\Profiles","ProfilesVHDLocations","VHD Locations","ProfilesVHDLocations","ProfilesVHDLocations; VHD Locations; \FSLogix\Profile Containers; Administrative Templates\FSLogix\Profile Containers; Profile Containers","device_vendor_msft_policy_config_fslogixv1~policy~fslogix~profiles_profilesvhdlocations","/Config/FSLogixv1~Policy~FSLogix~Profiles/ProfilesVHDLocations","",,""
"ProfilesVHDLocations","Software\FSLogix\Profiles","ProfilesVHDLocations","VHD Locations (Device)","ProfilesVHDLocations","ProfilesVHDLocations; VHD Locations; \FSLogix\Profile Containers; Administrative Templates\FSLogix\Profile Containers; Profile Containers","device_vendor_msft_policy_config_fslogixv1~policy~fslogix~profiles_profilesvhdlocations","/Config/FSLogixv1~Policy~FSLogix~Profiles/ProfilesVHDLocations","",,""
"ProfilesVHDXSectorSize","Software\FSLogix\Profiles","ProfilesVHDXSectorSize","VHDX Sector Size","ProfilesVHDXSectorSize","ProfilesVHDXSectorSize; VHDX Sector Size; \FSLogix\Profile Containers; Administrative Templates\FSLogix\Profile Containers; Profile Containers","device_vendor_msft_policy_config_fslogixv1~policy~fslogix~profiles_profilesvhdxsectorsize","/Config/FSLogixv1~Policy~FSLogix~Profiles/ProfilesVHDXSectorSize","",,""
"ProfilesVHDXSectorSize","Software\FSLogix\Profiles","ProfilesVHDXSectorSize","","ProfilesVHDXSectorSize","ProfilesVHDXSectorSize; VHDX Sector Size; \FSLogix\Profile Containers; Administrative Templates\FSLogix\Profile Containers; Profile Containers","device_vendor_msft_policy_config_fslogixv1~policy~fslogix~profiles_profilesvhdxsectorsize","/Config/FSLogixv1~Policy~FSLogix~Profiles/ProfilesVHDXSectorSize","",,""
"ProfilesVolumeWaitTimemilliseconds","Software\FSLogix\Profiles","ProfilesVolumeWaitTimemilliseconds","Volume Wait Time (milliseconds)","ProfilesVolumeWaitTimemilliseconds","ProfilesVolumeWaitTimemilliseconds; Volume Wait Time (milliseconds); \FSLogix\Profile Containers; Administrative Templates\FSLogix\Profile Containers; Profile Containers","device_vendor_msft_policy_config_fslogixv1~policy~fslogix~profiles_profilesvolumewaittimemilliseconds","/Config/FSLogixv1~Policy~FSLogix~Profiles/ProfilesVolumeWaitTimemilliseconds","",,""
"ProfilesVolumeWaitTimemilliseconds","Software\FSLogix\Profiles","ProfilesVolumeWaitTimemilliseconds","Volume Wait Time (milliseconds) (Device)","ProfilesVolumeWaitTimemilliseconds","ProfilesVolumeWaitTimemilliseconds; Volume Wait Time (milliseconds); \FSLogix\Profile Containers; Administrative Templates\FSLogix\Profile Containers; Profile Containers","device_vendor_msft_policy_config_fslogixv1~policy~fslogix~profiles_profilesvolumewaittimemilliseconds","/Config/FSLogixv1~Policy~FSLogix~Profiles/ProfilesVolumeWaitTimemilliseconds","",,""
"ProfilesCCDLocations","Software\FSLogix\Profiles","ProfilesCCDLocations","CCD Locations","ProfilesCCDLocations","ProfilesCCDLocations; CCD Locations; \FSLogix\Profile Containers\Cloud Cache; Administrative Templates\FSLogix\Profile Containers\Cloud Cache; Cloud Cache","device_vendor_msft_policy_config_fslogixv1~policy~fslogix~profiles~profiles_ccd_profilesccdlocations","/Config/FSLogixv1~Policy~FSLogix~Profiles~Profiles_CCD/ProfilesCCDLocations","",,""
"ProfilesCCDLocations","Software\FSLogix\Profiles","ProfilesCCDLocations","CCD Locations (Device)","ProfilesCCDLocations","ProfilesCCDLocations; CCD Locations; \FSLogix\Profile Containers\Cloud Cache; Administrative Templates\FSLogix\Profile Containers\Cloud Cache; Cloud Cache","device_vendor_msft_policy_config_fslogixv1~policy~fslogix~profiles~profiles_ccd_profilesccdlocations","/Config/FSLogixv1~Policy~FSLogix~Profiles~Profiles_CCD/ProfilesCCDLocations","",,""
"ProfilesSizeInMBs","Software\FSLogix\Profiles","ProfilesSizeInMBs","Size In MBs (Device)","ProfilesSizeInMBs","ProfilesSizeInMBs; Size In MBs; \FSLogix\Profile Containers; Administrative Templates\FSLogix\Profile Containers; Profile Containers","device_vendor_msft_policy_config_fslogixv1~policy~fslogix~profiles_profilessizeinmbs","/Config/FSLogixv1~Policy~FSLogix~Profiles/ProfilesSizeInMBs","",,""
"OdfcHealthyProvidersRequiredForUnregister","Software\Policies\FSLogix\ODFC","OdfcHealthyProvidersRequiredForUnregister","Healthy Providers Required For Unregister (Device)","OdfcHealthyProvidersRequiredForUnregister","OdfcHealthyProvidersRequiredForUnregister; Healthy Providers Required For Unregister; \FSLogix\ODFC Containers\Cloud Cache; Administrative Templates\FSLogix\ODFC Containers\Cloud Cache; Cloud Cache","device_vendor_msft_policy_config_fslogixv1~policy~fslogix~odfc~odfc_ccd_odfchealthyprovidersrequiredforunregister","/Config/FSLogixv1~Policy~FSLogix~ODFC~ODFC_CCD/OdfcHealthyProvidersRequiredForUnregister","",,""
"OdfcHealthyProvidersRequiredForUnregister","Software\Policies\FSLogix\ODFC","OdfcHealthyProvidersRequiredForUnregister","Healthy Providers Required For Unregister","OdfcHealthyProvidersRequiredForUnregister","OdfcHealthyProvidersRequiredForUnregister; Healthy Providers Required For Unregister; \FSLogix\ODFC Containers\Cloud Cache; Administrative Templates\FSLogix\ODFC Containers\Cloud Cache; Cloud Cache","device_vendor_msft_policy_config_fslogixv1~policy~fslogix~odfc~odfc_ccd_odfchealthyprovidersrequiredforunregister","/Config/FSLogixv1~Policy~FSLogix~ODFC~ODFC_CCD/OdfcHealthyProvidersRequiredForUnregister","",,""
"OdfcHealthyProvidersRequiredForRegister","Software\Policies\FSLogix\ODFC","OdfcHealthyProvidersRequiredForRegister","Healthy Providers Required For Register (Device)","OdfcHealthyProvidersRequiredForRegister","OdfcHealthyProvidersRequiredForRegister; Healthy Providers Required For Register; \FSLogix\ODFC Containers\Cloud Cache; Administrative Templates\FSLogix\ODFC Containers\Cloud Cache; Cloud Cache","device_vendor_msft_policy_config_fslogixv1~policy~fslogix~odfc~odfc_ccd_odfchealthyprovidersrequiredforregister","/Config/FSLogixv1~Policy~FSLogix~ODFC~ODFC_CCD/OdfcHealthyProvidersRequiredForRegister","",,""
"LoggingRuleCompilation","Software\FSLogix\Logging","LoggingRuleCompilation","Rule Compilation","LoggingRuleCompilation","LoggingRuleCompilation; Rule Compilation; \FSLogix\Logging; Administrative Templates\FSLogix\Logging; Logging","device_vendor_msft_policy_config_fslogixv1~policy~fslogix~logging_loggingrulecompilation","/Config/FSLogixv1~Policy~FSLogix~Logging/LoggingRuleCompilation","",,""
"LoggingRuleEditor","Software\FSLogix\Logging","LoggingRuleEditor","Rule Editor","LoggingRuleEditor","LoggingRuleEditor; Rule Editor; \FSLogix\Logging; Administrative Templates\FSLogix\Logging; Logging","device_vendor_msft_policy_config_fslogixv1~policy~fslogix~logging_loggingruleeditor","/Config/FSLogixv1~Policy~FSLogix~Logging/LoggingRuleEditor","",,""
"LoggingSearchPlugin","Software\FSLogix\Logging","LoggingSearchPlugin","Search Plugin","LoggingSearchPlugin","LoggingSearchPlugin; Search Plugin; \FSLogix\Logging; Administrative Templates\FSLogix\Logging; Logging","device_vendor_msft_policy_config_fslogixv1~policy~fslogix~logging_loggingsearchplugin","/Config/FSLogixv1~Policy~FSLogix~Logging/LoggingSearchPlugin","",,""
"LoggingSearchRoaming","Software\FSLogix\Logging","LoggingSearchRoaming","Search Roaming","LoggingSearchRoaming","LoggingSearchRoaming; Search Roaming; \FSLogix\Logging; Administrative Templates\FSLogix\Logging; Logging","device_vendor_msft_policy_config_fslogixv1~policy~fslogix~logging_loggingsearchroaming","/Config/FSLogixv1~Policy~FSLogix~Logging/LoggingSearchRoaming","",,""
"LoggingServices","Software\FSLogix\Logging","LoggingServices","Services","LoggingServices","LoggingServices; Services; \FSLogix\Logging; Administrative Templates\FSLogix\Logging; Logging","device_vendor_msft_policy_config_fslogixv1~policy~fslogix~logging_loggingservices","/Config/FSLogixv1~Policy~FSLogix~Logging/LoggingServices","",,""
"OdfcAccessNetworkasComputer","Software\Policies\FSLogix\ODFC","OdfcAccessNetworkasComputer","Access Network as Computer Object","OdfcAccessNetworkasComputer","OdfcAccessNetworkasComputer; Access Network as Computer Object; \FSLogix\ODFC Containers; Administrative Templates\FSLogix\ODFC Containers; ODFC Containers","device_vendor_msft_policy_config_fslogixv1~policy~fslogix~odfc_odfcaccessnetworkascomputer","/Config/FSLogixv1~Policy~FSLogix~ODFC/OdfcAccessNetworkasComputer","",,""
"OdfcAttachedVHDSDDL","Software\Policies\FSLogix\ODFC","OdfcAttachedVHDSDDL","Attached VHD SDDL","OdfcAttachedVHDSDDL","OdfcAttachedVHDSDDL; Attached VHD SDDL; \FSLogix\ODFC Containers; Administrative Templates\FSLogix\ODFC Containers; ODFC Containers","device_vendor_msft_policy_config_fslogixv1~policy~fslogix~odfc_odfcattachedvhdsddl","/Config/FSLogixv1~Policy~FSLogix~ODFC/OdfcAttachedVHDSDDL","",,""
"OdfcAttachedVHDSDDL","Software\Policies\FSLogix\ODFC","OdfcAttachedVHDSDDL","Attached VHD SDDL (Device)","OdfcAttachedVHDSDDL","OdfcAttachedVHDSDDL; Attached VHD SDDL; \FSLogix\ODFC Containers; Administrative Templates\FSLogix\ODFC Containers; ODFC Containers","device_vendor_msft_policy_config_fslogixv1~policy~fslogix~odfc_odfcattachedvhdsddl","/Config/FSLogixv1~Policy~FSLogix~ODFC/OdfcAttachedVHDSDDL","",,""
"LoggingProfileContainer","Software\FSLogix\Logging","LoggingProfileContainer","Profile Container","LoggingProfileContainer","LoggingProfileContainer; Profile Container; \FSLogix\Logging; Administrative Templates\FSLogix\Logging; Logging","device_vendor_msft_policy_config_fslogixv1~policy~fslogix~logging_loggingprofilecontainer","/Config/FSLogixv1~Policy~FSLogix~Logging/LoggingProfileContainer","",,""
"OdfcODFCEnabled","Software\Policies\FSLogix\ODFC","OdfcODFCEnabled","Enabled","OdfcODFCEnabled","OdfcODFCEnabled; Enabled; \FSLogix\ODFC Containers; Administrative Templates\FSLogix\ODFC Containers; ODFC Containers","device_vendor_msft_policy_config_fslogixv1~policy~fslogix~odfc_odfcodfcenabled","/Config/FSLogixv1~Policy~FSLogix~ODFC/OdfcODFCEnabled","",,""
"OdfcIncludeOneDrive","Software\Policies\FSLogix\ODFC","OdfcIncludeOneDrive","Include OneDrive","OdfcIncludeOneDrive","OdfcIncludeOneDrive; Include OneDrive; \FSLogix\ODFC Containers; Administrative Templates\FSLogix\ODFC Containers; ODFC Containers","device_vendor_msft_policy_config_fslogixv1~policy~fslogix~odfc_odfcincludeonedrive","/Config/FSLogixv1~Policy~FSLogix~ODFC/OdfcIncludeOneDrive","",,""
"OdfcIncludeOneNote","Software\Policies\FSLogix\ODFC","OdfcIncludeOneNote","Include OneNote","OdfcIncludeOneNote","OdfcIncludeOneNote; Include OneNote; \FSLogix\ODFC Containers; Administrative Templates\FSLogix\ODFC Containers; ODFC Containers","device_vendor_msft_policy_config_fslogixv1~policy~fslogix~odfc_odfcincludeonenote","/Config/FSLogixv1~Policy~FSLogix~ODFC/OdfcIncludeOneNote","",,""
"OdfcIncludeOneNoteUWP","Software\Policies\FSLogix\ODFC","OdfcIncludeOneNoteUWP","Include OneNote UWP","OdfcIncludeOneNoteUWP","OdfcIncludeOneNoteUWP; Include OneNote UWP; \FSLogix\ODFC Containers; Administrative Templates\FSLogix\ODFC Containers; ODFC Containers","device_vendor_msft_policy_config_fslogixv1~policy~fslogix~odfc_odfcincludeonenoteuwp","/Config/FSLogixv1~Policy~FSLogix~ODFC/OdfcIncludeOneNoteUWP","",,""
"OdfcIncludeOutlook","Software\Policies\FSLogix\ODFC","OdfcIncludeOutlook","Include Outlook","OdfcIncludeOutlook","OdfcIncludeOutlook; Include Outlook; \FSLogix\ODFC Containers; Administrative Templates\FSLogix\ODFC Containers; ODFC Containers","device_vendor_msft_policy_config_fslogixv1~policy~fslogix~odfc_odfcincludeoutlook","/Config/FSLogixv1~Policy~FSLogix~ODFC/OdfcIncludeOutlook","",,""
"OdfcIncludeOutlookPersonalization","Software\Policies\FSLogix\ODFC","OdfcIncludeOutlookPersonalization","Include Outlook Personalization","OdfcIncludeOutlookPersonalization","OdfcIncludeOutlookPersonalization; Include Outlook Personalization; \FSLogix\ODFC Containers; Administrative Templates\FSLogix\ODFC Containers; ODFC Containers","device_vendor_msft_policy_config_fslogixv1~policy~fslogix~odfc_odfcincludeoutlookpersonalization","/Config/FSLogixv1~Policy~FSLogix~ODFC/OdfcIncludeOutlookPersonalization","",,""
"OdfcIncludeSharepoint","Software\Policies\FSLogix\ODFC","OdfcIncludeSharepoint","Include Sharepoint","OdfcIncludeSharepoint","OdfcIncludeSharepoint; Include Sharepoint; \FSLogix\ODFC Containers; Administrative Templates\FSLogix\ODFC Containers; ODFC Containers","device_vendor_msft_policy_config_fslogixv1~policy~fslogix~odfc_odfcincludesharepoint","/Config/FSLogixv1~Policy~FSLogix~ODFC/OdfcIncludeSharepoint","",,""
"OdfcIncludeSkype","Software\Policies\FSLogix\ODFC","OdfcIncludeSkype","Include Skype","OdfcIncludeSkype","OdfcIncludeSkype; Include Skype; \FSLogix\ODFC Containers; Administrative Templates\FSLogix\ODFC Containers; ODFC Containers","device_vendor_msft_policy_config_fslogixv1~policy~fslogix~odfc_odfcincludeskype","/Config/FSLogixv1~Policy~FSLogix~ODFC/OdfcIncludeSkype","",,""
"OdfcIncludeTeams","Software\Policies\FSLogix\ODFC","OdfcIncludeTeams","Include Teams","OdfcIncludeTeams","OdfcIncludeTeams; Include Teams; \FSLogix\ODFC Containers; Administrative Templates\FSLogix\ODFC Containers; ODFC Containers","device_vendor_msft_policy_config_fslogixv1~policy~fslogix~odfc_odfcincludeteams","/Config/FSLogixv1~Policy~FSLogix~ODFC/OdfcIncludeTeams","",,""
"OdfcIncludeOfficeActivation","Software\Policies\FSLogix\ODFC","OdfcIncludeOfficeActivation","Include Office Activation","OdfcIncludeOfficeActivation","OdfcIncludeOfficeActivation; Include Office Activation; \FSLogix\ODFC Containers; Administrative Templates\FSLogix\ODFC Containers; ODFC Containers","device_vendor_msft_policy_config_fslogixv1~policy~fslogix~odfc_odfcincludeofficeactivation","/Config/FSLogixv1~Policy~FSLogix~ODFC/OdfcIncludeOfficeActivation","",,""
"OdfcIsDynamicVHD","Software\Policies\FSLogix\ODFC","OdfcIsDynamicVHD","Is Dynamic (VHD)","OdfcIsDynamicVHD","OdfcIsDynamicVHD; Is Dynamic (VHD); \FSLogix\ODFC Containers; Administrative Templates\FSLogix\ODFC Containers; ODFC Containers","device_vendor_msft_policy_config_fslogixv1~policy~fslogix~odfc_odfcisdynamicvhd","/Config/FSLogixv1~Policy~FSLogix~ODFC/OdfcIsDynamicVHD","",,""
"LoggingProcessStart","Software\FSLogix\Logging","LoggingProcessStart","Process Start","LoggingProcessStart","LoggingProcessStart; Process Start; \FSLogix\Logging; Administrative Templates\FSLogix\Logging; Logging","device_vendor_msft_policy_config_fslogixv1~policy~fslogix~logging_loggingprocessstart","/Config/FSLogixv1~Policy~FSLogix~Logging/LoggingProcessStart","",,""
"LoggingODFCContainer","Software\FSLogix\Logging","LoggingODFCContainer","ODFC Container","LoggingODFCContainer","LoggingODFCContainer; ODFC Container; \FSLogix\Logging; Administrative Templates\FSLogix\Logging; Logging","device_vendor_msft_policy_config_fslogixv1~policy~fslogix~logging_loggingodfccontainer","/Config/FSLogixv1~Policy~FSLogix~Logging/LoggingODFCContainer","",,""
"VHDCompactDisk","Software\FSLogix\Apps","VHDCompactDisk","VHD Compact Disk","VHDCompactDisk","VHDCompactDisk; VHD Compact Disk; \FSLogix; Administrative Templates\FSLogix; FS Logix; FSLogix","device_vendor_msft_policy_config_fslogixv1~policy~fslogix_vhdcompactdisk","/Config/FSLogixv1~Policy~FSLogix/VHDCompactDisk","",,""
"RoamRecycleBin","Software\FSLogix\Apps","RoamRecycleBin","Roam Recycle Bin","RoamRecycleBin","RoamRecycleBin; Roam Recycle Bin; \FSLogix; Administrative Templates\FSLogix; FS Logix; FSLogix","device_vendor_msft_policy_config_fslogixv1~policy~fslogix_roamrecyclebin","/Config/FSLogixv1~Policy~FSLogix/RoamRecycleBin","",,""
"CCDCacheDirectory","SYSTEM\CurrentControlSet\Services\frxccd\Parameters","CCDCacheDirectory","Cache Directory","CCDCacheDirectory","CCDCacheDirectory; Cache Directory; \FSLogix\Cloud Cache Service; Administrative Templates\FSLogix\Cloud Cache Service; Cloud Cache Service","device_vendor_msft_policy_config_fslogixv1~policy~fslogix~ccd_ccdcachedirectory","/Config/FSLogixv1~Policy~FSLogix~CCD/CCDCacheDirectory","",,""
"CCDCacheDirectory","SYSTEM\CurrentControlSet\Services\frxccd\Parameters","CCDCacheDirectory","Cache Directory (Device)","CCDCacheDirectory","CCDCacheDirectory; Cache Directory; \FSLogix\Cloud Cache Service; Administrative Templates\FSLogix\Cloud Cache Service; Cloud Cache Service","device_vendor_msft_policy_config_fslogixv1~policy~fslogix~ccd_ccdcachedirectory","/Config/FSLogixv1~Policy~FSLogix~CCD/CCDCacheDirectory","",,""
"CCDProxyDirectory","SYSTEM\CurrentControlSet\Services\frxccds\Parameters","CCDProxyDirectory","Proxy Directory (Device)","CCDProxyDirectory","CCDProxyDirectory; Proxy Directory; \FSLogix\Cloud Cache Service; Administrative Templates\FSLogix\Cloud Cache Service; Cloud Cache Service","device_vendor_msft_policy_config_fslogixv1~policy~fslogix~ccd_ccdproxydirectory","/Config/FSLogixv1~Policy~FSLogix~CCD/CCDProxyDirectory","",,""
"CCDProxyDirectory","SYSTEM\CurrentControlSet\Services\frxccds\Parameters","CCDProxyDirectory","Proxy Directory","CCDProxyDirectory","CCDProxyDirectory; Proxy Directory; \FSLogix\Cloud Cache Service; Administrative Templates\FSLogix\Cloud Cache Service; Cloud Cache Service","device_vendor_msft_policy_config_fslogixv1~policy~fslogix~ccd_ccdproxydirectory","/Config/FSLogixv1~Policy~FSLogix~CCD/CCDProxyDirectory","",,""
"CCDWriteCacheDirectory","SYSTEM\CurrentControlSet\Services\frxccds\Parameters","CCDWriteCacheDirectory","Write Cache Directory (Device)","CCDWriteCacheDirectory","CCDWriteCacheDirectory; Write Cache Directory; \FSLogix\Cloud Cache Service; Administrative Templates\FSLogix\Cloud Cache Service; Cloud Cache Service","device_vendor_msft_policy_config_fslogixv1~policy~fslogix~ccd_ccdwritecachedirectory","/Config/FSLogixv1~Policy~FSLogix~CCD/CCDWriteCacheDirectory","",,""
"CCDWriteCacheDirectory","SYSTEM\CurrentControlSet\Services\frxccds\Parameters","CCDWriteCacheDirectory","Write Cache Directory","CCDWriteCacheDirectory","CCDWriteCacheDirectory; Write Cache Directory; \FSLogix\Cloud Cache Service; Administrative Templates\FSLogix\Cloud Cache Service; Cloud Cache Service","device_vendor_msft_policy_config_fslogixv1~policy~fslogix~ccd_ccdwritecachedirectory","/Config/FSLogixv1~Policy~FSLogix~CCD/CCDWriteCacheDirectory","",,""
"LoggingPrinterVisibility","Software\FSLogix\Logging","LoggingPrinterVisibility","Printer Visibility","LoggingPrinterVisibility","LoggingPrinterVisibility; Printer Visibility; \FSLogix\Logging; Administrative Templates\FSLogix\Logging; Logging","device_vendor_msft_policy_config_fslogixv1~policy~fslogix~logging_loggingprintervisibility","/Config/FSLogixv1~Policy~FSLogix~Logging/LoggingPrinterVisibility","",,""
"LoggingADComputerGroupProcess","Software\FSLogix\Logging","LoggingADComputerGroupProcess","AD Computer Group Process","LoggingADComputerGroupProcess","LoggingADComputerGroupProcess; AD Computer Group Process; \FSLogix\Logging; Administrative Templates\FSLogix\Logging; Logging","device_vendor_msft_policy_config_fslogixv1~policy~fslogix~logging_loggingadcomputergroupprocess","/Config/FSLogixv1~Policy~FSLogix~Logging/LoggingADComputerGroupProcess","",,""
"LoggingEnabled","Software\FSLogix\Logging","LoggingEnabled","","LoggingEnabled","LoggingEnabled; Enabled; \FSLogix\Logging; Administrative Templates\FSLogix\Logging; Logging","device_vendor_msft_policy_config_fslogixv1~policy~fslogix~logging_loggingenabled","/Config/FSLogixv1~Policy~FSLogix~Logging/LoggingEnabled","",,""
"LoggingEnabled","Software\FSLogix\Logging","LoggingEnabled","Enabled","LoggingEnabled","LoggingEnabled; Enabled; \FSLogix\Logging; Administrative Templates\FSLogix\Logging; Logging","device_vendor_msft_policy_config_fslogixv1~policy~fslogix~logging_loggingenabled","/Config/FSLogixv1~Policy~FSLogix~Logging/LoggingEnabled","",,""
"LoggingFontVisibility","Software\FSLogix\Logging","LoggingFontVisibility","Font Visibility","LoggingFontVisibility","LoggingFontVisibility; Font Visibility; \FSLogix\Logging; Administrative Templates\FSLogix\Logging; Logging","device_vendor_msft_policy_config_fslogixv1~policy~fslogix~logging_loggingfontvisibility","/Config/FSLogixv1~Policy~FSLogix~Logging/LoggingFontVisibility","",,""
"LoggingLogDirectory","Software\FSLogix\Logging","LoggingLogDirectory","Log Directory (Device)","LoggingLogDirectory","LoggingLogDirectory; Log Directory; \FSLogix\Logging; Administrative Templates\FSLogix\Logging; Logging","device_vendor_msft_policy_config_fslogixv1~policy~fslogix~logging_logginglogdirectory","/Config/FSLogixv1~Policy~FSLogix~Logging/LoggingLogDirectory","",,""
"LoggingLogDirectory","Software\FSLogix\Logging","LoggingLogDirectory","Log Directory","LoggingLogDirectory","LoggingLogDirectory; Log Directory; \FSLogix\Logging; Administrative Templates\FSLogix\Logging; Logging","device_vendor_msft_policy_config_fslogixv1~policy~fslogix~logging_logginglogdirectory","/Config/FSLogixv1~Policy~FSLogix~Logging/LoggingLogDirectory","",,""
"LoggingLogKeepingPeriod","Software\FSLogix\Logging","LoggingLogKeepingPeriod","Log Keeping Period","LoggingLogKeepingPeriod","LoggingLogKeepingPeriod; Log Keeping Period; \FSLogix\Logging; Administrative Templates\FSLogix\Logging; Logging","device_vendor_msft_policy_config_fslogixv1~policy~fslogix~logging_logginglogkeepingperiod","/Config/FSLogixv1~Policy~FSLogix~Logging/LoggingLogKeepingPeriod","",,""
"LoggingLogKeepingPeriod","Software\FSLogix\Logging","LoggingLogKeepingPeriod","Log Keeping Period (Device)","LoggingLogKeepingPeriod","LoggingLogKeepingPeriod; Log Keeping Period; \FSLogix\Logging; Administrative Templates\FSLogix\Logging; Logging","device_vendor_msft_policy_config_fslogixv1~policy~fslogix~logging_logginglogkeepingperiod","/Config/FSLogixv1~Policy~FSLogix~Logging/LoggingLogKeepingPeriod","",,""
"LoggingNetwork","Software\FSLogix\Logging","LoggingNetwork","Network","LoggingNetwork","LoggingNetwork; Network; \FSLogix\Logging; Administrative Templates\FSLogix\Logging; Logging","device_vendor_msft_policy_config_fslogixv1~policy~fslogix~logging_loggingnetwork","/Config/FSLogixv1~Policy~FSLogix~Logging/LoggingNetwork","",,""
"LoggingDriverInterface","Software\FSLogix\Logging","LoggingDriverInterface","Driver Interface","LoggingDriverInterface","LoggingDriverInterface; Driver Interface; \FSLogix\Logging; Administrative Templates\FSLogix\Logging; Logging","device_vendor_msft_policy_config_fslogixv1~policy~fslogix~logging_loggingdriverinterface","/Config/FSLogixv1~Policy~FSLogix~Logging/LoggingDriverInterface","",,""
"OdfcLockedRetryCount","Software\Policies\FSLogix\ODFC","OdfcLockedRetryCount","Locked Retry Count","OdfcLockedRetryCount","OdfcLockedRetryCount; Locked Retry Count; \FSLogix\ODFC Containers; Administrative Templates\FSLogix\ODFC Containers; ODFC Containers","device_vendor_msft_policy_config_fslogixv1~policy~fslogix~odfc_odfclockedretrycount","/Config/FSLogixv1~Policy~FSLogix~ODFC/OdfcLockedRetryCount","",,""
"OdfcLockedRetryCount","Software\Policies\FSLogix\ODFC","OdfcLockedRetryCount","Locked Retry Count (Device)","OdfcLockedRetryCount","OdfcLockedRetryCount; Locked Retry Count; \FSLogix\ODFC Containers; Administrative Templates\FSLogix\ODFC Containers; ODFC Containers","device_vendor_msft_policy_config_fslogixv1~policy~fslogix~odfc_odfclockedretrycount","/Config/FSLogixv1~Policy~FSLogix~ODFC/OdfcLockedRetryCount","",,""
"OdfcLockedRetryInterval","Software\Policies\FSLogix\ODFC","OdfcLockedRetryInterval","Locked Retry Interval (Device)","OdfcLockedRetryInterval","OdfcLockedRetryInterval; Locked Retry Interval; \FSLogix\ODFC Containers; Administrative Templates\FSLogix\ODFC Containers; ODFC Containers","device_vendor_msft_policy_config_fslogixv1~policy~fslogix~odfc_odfclockedretryinterval","/Config/FSLogixv1~Policy~FSLogix~ODFC/OdfcLockedRetryInterval","",,""
"OdfcVHDAccessMode","Software\Policies\FSLogix\ODFC","OdfcVHDAccessMode","","OdfcVHDAccessMode","OdfcVHDAccessMode; VHD Access Mode; \FSLogix\ODFC Containers; Administrative Templates\FSLogix\ODFC Containers; ODFC Containers","device_vendor_msft_policy_config_fslogixv1~policy~fslogix~odfc_odfcvhdaccessmode","/Config/FSLogixv1~Policy~FSLogix~ODFC/OdfcVHDAccessMode","",,""
"OdfcVHDLocations","Software\Policies\FSLogix\ODFC","OdfcVHDLocations","VHD Locations","OdfcVHDLocations","OdfcVHDLocations; VHD Locations; \FSLogix\ODFC Containers; Administrative Templates\FSLogix\ODFC Containers; ODFC Containers","device_vendor_msft_policy_config_fslogixv1~policy~fslogix~odfc_odfcvhdlocations","/Config/FSLogixv1~Policy~FSLogix~ODFC/OdfcVHDLocations","",,""
"OdfcVHDLocations","Software\Policies\FSLogix\ODFC","OdfcVHDLocations","VHD Locations (Device)","OdfcVHDLocations","OdfcVHDLocations; VHD Locations; \FSLogix\ODFC Containers; Administrative Templates\FSLogix\ODFC Containers; ODFC Containers","device_vendor_msft_policy_config_fslogixv1~policy~fslogix~odfc_odfcvhdlocations","/Config/FSLogixv1~Policy~FSLogix~ODFC/OdfcVHDLocations","",,""
"OdfcVHDXSectorSize","Software\Policies\FSLogix\ODFC","OdfcVHDXSectorSize","VHDX Sector Size","OdfcVHDXSectorSize","OdfcVHDXSectorSize; VHDX Sector Size; \FSLogix\ODFC Containers; Administrative Templates\FSLogix\ODFC Containers; ODFC Containers","device_vendor_msft_policy_config_fslogixv1~policy~fslogix~odfc_odfcvhdxsectorsize","/Config/FSLogixv1~Policy~FSLogix~ODFC/OdfcVHDXSectorSize","",,""
"OdfcVHDXSectorSize","Software\Policies\FSLogix\ODFC","OdfcVHDXSectorSize","","OdfcVHDXSectorSize","OdfcVHDXSectorSize; VHDX Sector Size; \FSLogix\ODFC Containers; Administrative Templates\FSLogix\ODFC Containers; ODFC Containers","device_vendor_msft_policy_config_fslogixv1~policy~fslogix~odfc_odfcvhdxsectorsize","/Config/FSLogixv1~Policy~FSLogix~ODFC/OdfcVHDXSectorSize","",,""
"OdfcVolumeTypeVHDorVHDX","Software\Policies\FSLogix\ODFC","OdfcVolumeTypeVHDorVHDX","Volume Type (VHD or VHDX)","OdfcVolumeTypeVHDorVHDX","OdfcVolumeTypeVHDorVHDX; Volume Type (VHD or VHDX); \FSLogix\ODFC Containers; Administrative Templates\FSLogix\ODFC Containers; ODFC Containers","device_vendor_msft_policy_config_fslogixv1~policy~fslogix~odfc_odfcvolumetypevhdorvhdx","/Config/FSLogixv1~Policy~FSLogix~ODFC/OdfcVolumeTypeVHDorVHDX","",,""
"OdfcVolumeTypeVHDorVHDX","Software\Policies\FSLogix\ODFC","OdfcVolumeTypeVHDorVHDX","","OdfcVolumeTypeVHDorVHDX","OdfcVolumeTypeVHDorVHDX; Volume Type (VHD or VHDX); \FSLogix\ODFC Containers; Administrative Templates\FSLogix\ODFC Containers; ODFC Containers","device_vendor_msft_policy_config_fslogixv1~policy~fslogix~odfc_odfcvolumetypevhdorvhdx","/Config/FSLogixv1~Policy~FSLogix~ODFC/OdfcVolumeTypeVHDorVHDX","",,""
"OdfcVolumeWaitTimemilliseconds","Software\Policies\FSLogix\ODFC","OdfcVolumeWaitTimemilliseconds","Volume Wait Time (milliseconds)","OdfcVolumeWaitTimemilliseconds","OdfcVolumeWaitTimemilliseconds; Volume Wait Time (milliseconds); \FSLogix\ODFC Containers; Administrative Templates\FSLogix\ODFC Containers; ODFC Containers","device_vendor_msft_policy_config_fslogixv1~policy~fslogix~odfc_odfcvolumewaittimemilliseconds","/Config/FSLogixv1~Policy~FSLogix~ODFC/OdfcVolumeWaitTimemilliseconds","",,""
"OdfcVHDAccessMode","Software\Policies\FSLogix\ODFC","OdfcVHDAccessMode","VHD Access Mode","OdfcVHDAccessMode","OdfcVHDAccessMode; VHD Access Mode; \FSLogix\ODFC Containers; Administrative Templates\FSLogix\ODFC Containers; ODFC Containers","device_vendor_msft_policy_config_fslogixv1~policy~fslogix~odfc_odfcvhdaccessmode","/Config/FSLogixv1~Policy~FSLogix~ODFC/OdfcVHDAccessMode","",,""
"OdfcVolumeWaitTimemilliseconds","Software\Policies\FSLogix\ODFC","OdfcVolumeWaitTimemilliseconds","Volume Wait Time (milliseconds) (Device)","OdfcVolumeWaitTimemilliseconds","OdfcVolumeWaitTimemilliseconds; Volume Wait Time (milliseconds); \FSLogix\ODFC Containers; Administrative Templates\FSLogix\ODFC Containers; ODFC Containers","device_vendor_msft_policy_config_fslogixv1~policy~fslogix~odfc_odfcvolumewaittimemilliseconds","/Config/FSLogixv1~Policy~FSLogix~ODFC/OdfcVolumeWaitTimemilliseconds","",,""
"OdfcCCDLocations","Software\Policies\FSLogix\ODFC","OdfcCCDLocations","CCD Locations","OdfcCCDLocations","OdfcCCDLocations; CCD Locations; \FSLogix\ODFC Containers\Cloud Cache; Administrative Templates\FSLogix\ODFC Containers\Cloud Cache; Cloud Cache","device_vendor_msft_policy_config_fslogixv1~policy~fslogix~odfc~odfc_ccd_odfcccdlocations","/Config/FSLogixv1~Policy~FSLogix~ODFC~ODFC_CCD/OdfcCCDLocations","",,""
"OdfcCCDMaxCacheSizeinMBs","Software\Policies\FSLogix\ODFC","OdfcCCDMaxCacheSizeinMBs","CCD Max Cache Size in MBs (Device)","OdfcCCDMaxCacheSizeinMBs","OdfcCCDMaxCacheSizeinMBs; CCD Max Cache Size in MBs; \FSLogix\ODFC Containers\Cloud Cache; Administrative Templates\FSLogix\ODFC Containers\Cloud Cache; Cloud Cache","device_vendor_msft_policy_config_fslogixv1~policy~fslogix~odfc~odfc_ccd_odfcccdmaxcachesizeinmbs","/Config/FSLogixv1~Policy~FSLogix~ODFC~ODFC_CCD/OdfcCCDMaxCacheSizeinMBs","",,""
"OdfcCCDMaxCacheSizeinMBs","Software\Policies\FSLogix\ODFC","OdfcCCDMaxCacheSizeinMBs","CCD Max Cache Size in MBs","OdfcCCDMaxCacheSizeinMBs","OdfcCCDMaxCacheSizeinMBs; CCD Max Cache Size in MBs; \FSLogix\ODFC Containers\Cloud Cache; Administrative Templates\FSLogix\ODFC Containers\Cloud Cache; Cloud Cache","device_vendor_msft_policy_config_fslogixv1~policy~fslogix~odfc~odfc_ccd_odfcccdmaxcachesizeinmbs","/Config/FSLogixv1~Policy~FSLogix~ODFC~ODFC_CCD/OdfcCCDMaxCacheSizeinMBs","",,""
"OdfcCCDUnregisterTimeout","Software\Policies\FSLogix\ODFC","OdfcCCDUnregisterTimeout","CCD Unregister Timeout","OdfcCCDUnregisterTimeout","OdfcCCDUnregisterTimeout; CCD Unregister Timeout; \FSLogix\ODFC Containers\Cloud Cache; Administrative Templates\FSLogix\ODFC Containers\Cloud Cache; Cloud Cache","device_vendor_msft_policy_config_fslogixv1~policy~fslogix~odfc~odfc_ccd_odfcccdunregistertimeout","/Config/FSLogixv1~Policy~FSLogix~ODFC~ODFC_CCD/OdfcCCDUnregisterTimeout","",,""
"OdfcCCDUnregisterTimeout","Software\Policies\FSLogix\ODFC","OdfcCCDUnregisterTimeout","CCD Unregister Timeout (Device)","OdfcCCDUnregisterTimeout","OdfcCCDUnregisterTimeout; CCD Unregister Timeout; \FSLogix\ODFC Containers\Cloud Cache; Administrative Templates\FSLogix\ODFC Containers\Cloud Cache; Cloud Cache","device_vendor_msft_policy_config_fslogixv1~policy~fslogix~odfc~odfc_ccd_odfcccdunregistertimeout","/Config/FSLogixv1~Policy~FSLogix~ODFC~ODFC_CCD/OdfcCCDUnregisterTimeout","",,""
"OdfcClearCacheOnForcedUnregister","Software\Policies\FSLogix\ODFC","OdfcClearCacheOnForcedUnregister","Clear Cache On Forced Unregister","OdfcClearCacheOnForcedUnregister","OdfcClearCacheOnForcedUnregister; Clear Cache On Forced Unregister; \FSLogix\ODFC Containers\Cloud Cache; Administrative Templates\FSLogix\ODFC Containers\Cloud Cache; Cloud Cache","device_vendor_msft_policy_config_fslogixv1~policy~fslogix~odfc~odfc_ccd_odfcclearcacheonforcedunregister","/Config/FSLogixv1~Policy~FSLogix~ODFC~ODFC_CCD/OdfcClearCacheOnForcedUnregister","",,""
"OdfcClearCacheOnLogoff","Software\Policies\FSLogix\ODFC","OdfcClearCacheOnLogoff","Clear Cache On Logoff","OdfcClearCacheOnLogoff","OdfcClearCacheOnLogoff; Clear Cache On Logoff; \FSLogix\ODFC Containers\Cloud Cache; Administrative Templates\FSLogix\ODFC Containers\Cloud Cache; Cloud Cache","device_vendor_msft_policy_config_fslogixv1~policy~fslogix~odfc~odfc_ccd_odfcclearcacheonlogoff","/Config/FSLogixv1~Policy~FSLogix~ODFC~ODFC_CCD/OdfcClearCacheOnLogoff","",,""
"OdfcHealthyProvidersRequiredForRegister","Software\Policies\FSLogix\ODFC","OdfcHealthyProvidersRequiredForRegister","Healthy Providers Required For Register","OdfcHealthyProvidersRequiredForRegister","OdfcHealthyProvidersRequiredForRegister; Healthy Providers Required For Register; \FSLogix\ODFC Containers\Cloud Cache; Administrative Templates\FSLogix\ODFC Containers\Cloud Cache; Cloud Cache","device_vendor_msft_policy_config_fslogixv1~policy~fslogix~odfc~odfc_ccd_odfchealthyprovidersrequiredforregister","/Config/FSLogixv1~Policy~FSLogix~ODFC~ODFC_CCD/OdfcHealthyProvidersRequiredForRegister","",,""
"OdfcCCDLocations","Software\Policies\FSLogix\ODFC","OdfcCCDLocations","CCD Locations (Device)","OdfcCCDLocations","OdfcCCDLocations; CCD Locations; \FSLogix\ODFC Containers\Cloud Cache; Administrative Templates\FSLogix\ODFC Containers\Cloud Cache; Cloud Cache","device_vendor_msft_policy_config_fslogixv1~policy~fslogix~odfc~odfc_ccd_odfcccdlocations","/Config/FSLogixv1~Policy~FSLogix~ODFC~ODFC_CCD/OdfcCCDLocations","",,""
"OdfcSizeInMBs","Software\Policies\FSLogix\ODFC","OdfcSizeInMBs","Size In MBs (Device)","OdfcSizeInMBs","OdfcSizeInMBs; Size In MBs; \FSLogix\ODFC Containers; Administrative Templates\FSLogix\ODFC Containers; ODFC Containers","device_vendor_msft_policy_config_fslogixv1~policy~fslogix~odfc_odfcsizeinmbs","/Config/FSLogixv1~Policy~FSLogix~ODFC/OdfcSizeInMBs","",,""
"OdfcSizeInMBs","Software\Policies\FSLogix\ODFC","OdfcSizeInMBs","Size In MBs","OdfcSizeInMBs","OdfcSizeInMBs; Size In MBs; \FSLogix\ODFC Containers; Administrative Templates\FSLogix\ODFC Containers; ODFC Containers","device_vendor_msft_policy_config_fslogixv1~policy~fslogix~odfc_odfcsizeinmbs","/Config/FSLogixv1~Policy~FSLogix~ODFC/OdfcSizeInMBs","",,""
"OdfcRoamSearch","Software\Policies\FSLogix\ODFC","OdfcRoamSearch","Roam Search","OdfcRoamSearch","OdfcRoamSearch; Roam Search; \FSLogix\ODFC Containers; Administrative Templates\FSLogix\ODFC Containers; ODFC Containers","device_vendor_msft_policy_config_fslogixv1~policy~fslogix~odfc_odfcroamsearch","/Config/FSLogixv1~Policy~FSLogix~ODFC/OdfcRoamSearch","",,""
"OdfcLockedRetryInterval","Software\Policies\FSLogix\ODFC","OdfcLockedRetryInterval","Locked Retry Interval","OdfcLockedRetryInterval","OdfcLockedRetryInterval; Locked Retry Interval; \FSLogix\ODFC Containers; Administrative Templates\FSLogix\ODFC Containers; ODFC Containers","device_vendor_msft_policy_config_fslogixv1~policy~fslogix~odfc_odfclockedretryinterval","/Config/FSLogixv1~Policy~FSLogix~ODFC/OdfcLockedRetryInterval","",,""
"OdfcMirrorLocalOSTToVHD","Software\Policies\FSLogix\ODFC","OdfcMirrorLocalOSTToVHD","Mirror Local OST To VHD","OdfcMirrorLocalOSTToVHD","OdfcMirrorLocalOSTToVHD; Mirror Local OST To VHD; \FSLogix\ODFC Containers; Administrative Templates\FSLogix\ODFC Containers; ODFC Containers","device_vendor_msft_policy_config_fslogixv1~policy~fslogix~odfc_odfcmirrorlocalosttovhd","/Config/FSLogixv1~Policy~FSLogix~ODFC/OdfcMirrorLocalOSTToVHD","",,""
"OdfcMirrorLocalOSTToVHD","Software\Policies\FSLogix\ODFC","OdfcMirrorLocalOSTToVHD","","OdfcMirrorLocalOSTToVHD","OdfcMirrorLocalOSTToVHD; Mirror Local OST To VHD; \FSLogix\ODFC Containers; Administrative Templates\FSLogix\ODFC Containers; ODFC Containers","device_vendor_msft_policy_config_fslogixv1~policy~fslogix~odfc_odfcmirrorlocalosttovhd","/Config/FSLogixv1~Policy~FSLogix~ODFC/OdfcMirrorLocalOSTToVHD","",,""
"OdfcNumberSessionVHDsToKeep","Software\Policies\FSLogix\ODFC","OdfcNumberSessionVHDsToKeep","Number Session VHD(s) To Keep (Device)","OdfcNumberSessionVHDsToKeep","OdfcNumberSessionVHDsToKeep; Number Session VHD(s) To Keep; \FSLogix\ODFC Containers; Administrative Templates\FSLogix\ODFC Containers; ODFC Containers","device_vendor_msft_policy_config_fslogixv1~policy~fslogix~odfc_odfcnumbersessionvhdstokeep","/Config/FSLogixv1~Policy~FSLogix~ODFC/OdfcNumberSessionVHDsToKeep","",,""
"OdfcNumberSessionVHDsToKeep","Software\Policies\FSLogix\ODFC","OdfcNumberSessionVHDsToKeep","Number Session VHD(s) To Keep","OdfcNumberSessionVHDsToKeep","OdfcNumberSessionVHDsToKeep; Number Session VHD(s) To Keep; \FSLogix\ODFC Containers; Administrative Templates\FSLogix\ODFC Containers; ODFC Containers","device_vendor_msft_policy_config_fslogixv1~policy~fslogix~odfc_odfcnumbersessionvhdstokeep","/Config/FSLogixv1~Policy~FSLogix~ODFC/OdfcNumberSessionVHDsToKeep","",,""
"OdfcOutlookCachedMode","Software\Policies\FSLogix\ODFC","OdfcOutlookCachedMode","Outlook Cached Mode","OdfcOutlookCachedMode","OdfcOutlookCachedMode; Outlook Cached Mode; \FSLogix\ODFC Containers; Administrative Templates\FSLogix\ODFC Containers; ODFC Containers","device_vendor_msft_policy_config_fslogixv1~policy~fslogix~odfc_odfcoutlookcachedmode","/Config/FSLogixv1~Policy~FSLogix~ODFC/OdfcOutlookCachedMode","",,""
"OdfcOutlookFolderPath","Software\Policies\FSLogix\ODFC","OdfcOutlookFolderPath","Outlook Folder Path","OdfcOutlookFolderPath","OdfcOutlookFolderPath; Outlook Folder Path; \FSLogix\ODFC Containers; Administrative Templates\FSLogix\ODFC Containers; ODFC Containers","device_vendor_msft_policy_config_fslogixv1~policy~fslogix~odfc_odfcoutlookfolderpath","/Config/FSLogixv1~Policy~FSLogix~ODFC/OdfcOutlookFolderPath","",,""
"OdfcOutlookFolderPath","Software\Policies\FSLogix\ODFC","OdfcOutlookFolderPath","Outlook Folder Path (Device)","OdfcOutlookFolderPath","OdfcOutlookFolderPath; Outlook Folder Path; \FSLogix\ODFC Containers; Administrative Templates\FSLogix\ODFC Containers; ODFC Containers","device_vendor_msft_policy_config_fslogixv1~policy~fslogix~odfc_odfcoutlookfolderpath","/Config/FSLogixv1~Policy~FSLogix~ODFC/OdfcOutlookFolderPath","",,""
"OdfcPreventLoginWithFailure","Software\Policies\FSLogix\ODFC","OdfcPreventLoginWithFailure","Prevent Login With Failure","OdfcPreventLoginWithFailure","OdfcPreventLoginWithFailure; Prevent Login With Failure; \FSLogix\ODFC Containers; Administrative Templates\FSLogix\ODFC Containers; ODFC Containers","device_vendor_msft_policy_config_fslogixv1~policy~fslogix~odfc_odfcpreventloginwithfailure","/Config/FSLogixv1~Policy~FSLogix~ODFC/OdfcPreventLoginWithFailure","",,""
"OdfcPreventLoginWithTempProfile","Software\Policies\FSLogix\ODFC","OdfcPreventLoginWithTempProfile","Prevent Login With Temp Profile","OdfcPreventLoginWithTempProfile","OdfcPreventLoginWithTempProfile; Prevent Login With Temp Profile; \FSLogix\ODFC Containers; Administrative Templates\FSLogix\ODFC Containers; ODFC Containers","device_vendor_msft_policy_config_fslogixv1~policy~fslogix~odfc_odfcpreventloginwithtempprofile","/Config/FSLogixv1~Policy~FSLogix~ODFC/OdfcPreventLoginWithTempProfile","",,""
"OdfcReattachCount","Software\Policies\FSLogix\ODFC","OdfcReattachCount","Reattach Count","OdfcReattachCount","OdfcReattachCount; Reattach Count; \FSLogix\ODFC Containers; Administrative Templates\FSLogix\ODFC Containers; ODFC Containers","device_vendor_msft_policy_config_fslogixv1~policy~fslogix~odfc_odfcreattachcount","/Config/FSLogixv1~Policy~FSLogix~ODFC/OdfcReattachCount","",,""
"OdfcReattachCount","Software\Policies\FSLogix\ODFC","OdfcReattachCount","Reattach Count (Device)","OdfcReattachCount","OdfcReattachCount; Reattach Count; \FSLogix\ODFC Containers; Administrative Templates\FSLogix\ODFC Containers; ODFC Containers","device_vendor_msft_policy_config_fslogixv1~policy~fslogix~odfc_odfcreattachcount","/Config/FSLogixv1~Policy~FSLogix~ODFC/OdfcReattachCount","",,""
"OdfcReattachInterval","Software\Policies\FSLogix\ODFC","OdfcReattachInterval","Reattach Interval","OdfcReattachInterval","OdfcReattachInterval; Reattach Interval; \FSLogix\ODFC Containers; Administrative Templates\FSLogix\ODFC Containers; ODFC Containers","device_vendor_msft_policy_config_fslogixv1~policy~fslogix~odfc_odfcreattachinterval","/Config/FSLogixv1~Policy~FSLogix~ODFC/OdfcReattachInterval","",,""
"OdfcReattachInterval","Software\Policies\FSLogix\ODFC","OdfcReattachInterval","Reattach Interval (Device)","OdfcReattachInterval","OdfcReattachInterval; Reattach Interval; \FSLogix\ODFC Containers; Administrative Templates\FSLogix\ODFC Containers; ODFC Containers","device_vendor_msft_policy_config_fslogixv1~policy~fslogix~odfc_odfcreattachinterval","/Config/FSLogixv1~Policy~FSLogix~ODFC/OdfcReattachInterval","",,""
"OdfcRedirectType","Software\Policies\FSLogix\ODFC","OdfcRedirectType","Redirect Type","OdfcRedirectType","OdfcRedirectType; Redirect Type; \FSLogix\ODFC Containers; Administrative Templates\FSLogix\ODFC Containers; ODFC Containers","device_vendor_msft_policy_config_fslogixv1~policy~fslogix~odfc_odfcredirecttype","/Config/FSLogixv1~Policy~FSLogix~ODFC/OdfcRedirectType","",,""
"OdfcRedirectType","Software\Policies\FSLogix\ODFC","OdfcRedirectType","","OdfcRedirectType","OdfcRedirectType; Redirect Type; \FSLogix\ODFC Containers; Administrative Templates\FSLogix\ODFC Containers; ODFC Containers","device_vendor_msft_policy_config_fslogixv1~policy~fslogix~odfc_odfcredirecttype","/Config/FSLogixv1~Policy~FSLogix~ODFC/OdfcRedirectType","",,""
"OdfcRefreshUserPolicy","Software\Policies\FSLogix\ODFC","OdfcRefreshUserPolicy","Refresh User Policy","OdfcRefreshUserPolicy","OdfcRefreshUserPolicy; Refresh User Policy; \FSLogix\ODFC Containers; Administrative Templates\FSLogix\ODFC Containers; ODFC Containers","device_vendor_msft_policy_config_fslogixv1~policy~fslogix~odfc_odfcrefreshuserpolicy","/Config/FSLogixv1~Policy~FSLogix~ODFC/OdfcRefreshUserPolicy","",,""
"OdfcRemoveOrphanedOSTFilesOnLogoff","Software\Policies\FSLogix\ODFC","OdfcRemoveOrphanedOSTFilesOnLogoff","Remove Orphaned OST Files On Logoff","OdfcRemoveOrphanedOSTFilesOnLogoff","OdfcRemoveOrphanedOSTFilesOnLogoff; Remove Orphaned OST Files On Logoff; \FSLogix\ODFC Containers; Administrative Templates\FSLogix\ODFC Containers; ODFC Containers","device_vendor_msft_policy_config_fslogixv1~policy~fslogix~odfc_odfcremoveorphanedostfilesonlogoff","/Config/FSLogixv1~Policy~FSLogix~ODFC/OdfcRemoveOrphanedOSTFilesOnLogoff","",,""
"OdfcRoamSearch","Software\Policies\FSLogix\ODFC","OdfcRoamSearch","","OdfcRoamSearch","OdfcRoamSearch; Roam Search; \FSLogix\ODFC Containers; Administrative Templates\FSLogix\ODFC Containers; ODFC Containers","device_vendor_msft_policy_config_fslogixv1~policy~fslogix~odfc_odfcroamsearch","/Config/FSLogixv1~Policy~FSLogix~ODFC/OdfcRoamSearch","",,""
"ProfilesVolumeTypeVHDorVHDX","Software\FSLogix\Profiles","ProfilesVolumeTypeVHDorVHDX","Volume Type (VHD or VHDX)","ProfilesVolumeTypeVHDorVHDX","ProfilesVolumeTypeVHDorVHDX; Volume Type (VHD or VHDX); \FSLogix\Profile Containers\Container and Directory Naming; Administrative Templates\FSLogix\Profile Containers\Container and Directory Naming; Container and Directory Naming","device_vendor_msft_policy_config_fslogixv1~policy~fslogix~profiles~profiles_containeranddirectorynaming_profilesvolumetypevhdorvhdx","/Config/FSLogixv1~Policy~FSLogix~Profiles~Profiles_ContainerandDirectoryNaming/ProfilesVolumeTypeVHDorVHDX","",,""
"ProfilesVolumeTypeVHDorVHDX","Software\FSLogix\Profiles","ProfilesVolumeTypeVHDorVHDX","","ProfilesVolumeTypeVHDorVHDX","ProfilesVolumeTypeVHDorVHDX; Volume Type (VHD or VHDX); \FSLogix\Profile Containers\Container and Directory Naming; Administrative Templates\FSLogix\Profile Containers\Container and Directory Naming; Container and Directory Naming","device_vendor_msft_policy_config_fslogixv1~policy~fslogix~profiles~profiles_containeranddirectorynaming_profilesvolumetypevhdorvhdx","/Config/FSLogixv1~Policy~FSLogix~Profiles~Profiles_ContainerandDirectoryNaming/ProfilesVolumeTypeVHDorVHDX","",,""
