"Domain","SettingName","Class","Key","ValueName","ValueType","ChildKey","ChildValue","Category","SupportedOn","AdmxFile"
"Local","CleanupInvalidSessions","Machine","Software\FSLogix\Apps","CleanupInvalidSessions","Dropdown","CleanupInvalidSessions","CleanupInvalidSessions","FSLogix","v2105","fslogix.admx"
"Local","VHDCompactDisk","Machine","Software\FSLogix\Apps","VHDCompactDisk","Dropdown","VHDCompactDisk","VHDCompactDisk","FSLogix","v2210","fslogix.admx"
"Local","RoamRecycleBin","Machine","Software\FSLogix\Apps","RoamRecycleBin","Dropdown","RoamRecycleBin","RoamRecycleBin","FSLogix","v2210","fslogix.admx"
"Local","CCDCacheDirectory","Machine","SYSTEM\CurrentControlSet\Services\frxccd\Parameters","CCDCacheDirectory","TextBox","CCDCacheDirectory","CacheDirectory","CCD","v2105","fslogix.admx"
"Local","CCDProxyDirectory","Machine","SYSTEM\CurrentControlSet\Services\frxccds\Parameters","CCDProxyDirectory","TextBox","CCDProxyDirectory","ProxyDirectory","CCD","v2105","fslogix.admx"
"Local","CCDWriteCacheDirectory","Machine","SYSTEM\CurrentControlSet\Services\frxccds\Parameters","CCDWriteCacheDirectory","TextBox","CCDWriteCacheDirectory","WriteCacheDirectory","CCD","v2105","fslogix.admx"
"Local","LoggingADComputerGroupProcess","Machine","Software\FSLogix\Logging","LoggingADComputerGroupProcess","Dropdown","LoggingADComputerGroupProcess","AdsComputerGroup","Logging","v2105","fslogix.admx"
"Local","LoggingDriverInterface","Machine","Software\FSLogix\Logging","LoggingDriverInterface","Dropdown","LoggingDriverInterface","DriverInterface","Logging","v2105","fslogix.admx"
"Local","LoggingEnabled","Machine","Software\FSLogix\Logging","LoggingEnabled","Dropdown","LoggingEnabled","LoggingEnabled","Logging","v2105","fslogix.admx"
"Local","LoggingFontVisibility","Machine","Software\FSLogix\Logging","LoggingFontVisibility","Dropdown","LoggingFontVisibility","Font","Logging","v2105","fslogix.admx"
"Local","LoggingLogDirectory","Machine","Software\FSLogix\Logging","LoggingLogDirectory","TextBox","LoggingLogDirectory","LogDir","Logging","v2105","fslogix.admx"
"Local","LoggingLogKeepingPeriod","Machine","Software\FSLogix\Logging","LoggingLogKeepingPeriod","Number","","LogFileKeepingPeriod","Logging","v2105","fslogix.admx"
"Local","LoggingNetwork","Machine","Software\FSLogix\Logging","LoggingNetwork","Dropdown","LoggingNetwork","Network","Logging","v2105","fslogix.admx"
"Local","LoggingODFCContainer","Machine","Software\FSLogix\Logging","LoggingODFCContainer","Dropdown","LoggingODFCContainer","ODFC","Logging","v2105","fslogix.admx"
"Local","LoggingPrinterVisibility","Machine","Software\FSLogix\Logging","LoggingPrinterVisibility","Dropdown","LoggingPrinterVisibility","Printer","Logging","v2105","fslogix.admx"
"Local","LoggingProcessStart","Machine","Software\FSLogix\Logging","LoggingProcessStart","Dropdown","LoggingProcessStart","ProcessStart","Logging","v2105","fslogix.admx"
"Local","LoggingProfileContainer","Machine","Software\FSLogix\Logging","LoggingProfileContainer","Dropdown","LoggingProfileContainer","Profile","Logging","v2105","fslogix.admx"
"Local","LoggingRuleCompilation","Machine","Software\FSLogix\Logging","LoggingRuleCompilation","Dropdown","LoggingRuleCompilation","RuleCompilation","Logging","v2105","fslogix.admx"
"Local","LoggingRuleEditor","Machine","Software\FSLogix\Logging","LoggingRuleEditor","Dropdown","LoggingRuleEditor","RuleEditor","Logging","v2105","fslogix.admx"
"Local","LoggingSearchPlugin","Machine","Software\FSLogix\Logging","LoggingSearchPlugin","Dropdown","LoggingSearchPlugin","SearchPlugin","Logging","v2105","fslogix.admx"
"Local","LoggingSearchRoaming","Machine","Software\FSLogix\Logging","LoggingSearchRoaming","Dropdown","LoggingSearchRoaming","Search","Logging","v2105","fslogix.admx"
"Local","LoggingServices","Machine","Software\FSLogix\Logging","LoggingServices","Dropdown","LoggingServices","Service","Logging","v2105","fslogix.admx"
"Local","OdfcAccessNetworkasComputer","Machine","Software\Policies\FSLogix\ODFC","OdfcAccessNetworkasComputer","Dropdown","OdfcAccessNetworkasComputer","AccessNetworkAsComputerObject","ODFC","v2105","fslogix.admx"
"Local","OdfcAttachedVHDSDDL","Machine","Software\Policies\FSLogix\ODFC","OdfcAttachedVHDSDDL","TextBox","OdfcAttachedVHDSDDL","AttachVHDSDDL","ODFC","v2105","fslogix.admx"
"Local","OdfcODFCEnabled","Machine","Software\Policies\FSLogix\ODFC","OdfcODFCEnabled","Dropdown","OdfcODFCEnabled","Enabled","ODFC","v2105","fslogix.admx"
"Local","OdfcIncludeOfficeActivation","Machine","Software\Policies\FSLogix\ODFC","OdfcIncludeOfficeActivation","Dropdown","OdfcIncludeOfficeActivation","IncludeOfficeActivation","ODFC","v2105","fslogix.admx"
"Local","OdfcIncludeOneDrive","Machine","Software\Policies\FSLogix\ODFC","OdfcIncludeOneDrive","Dropdown","OdfcIncludeOneDrive","IncludeOneDrive","ODFC","v2105","fslogix.admx"
"Local","OdfcIncludeOneNote","Machine","Software\Policies\FSLogix\ODFC","OdfcIncludeOneNote","Dropdown","OdfcIncludeOneNote","IncludeOneNote","ODFC","v2105","fslogix.admx"
"Local","OdfcIncludeOneNoteUWP","Machine","Software\Policies\FSLogix\ODFC","OdfcIncludeOneNoteUWP","Dropdown","OdfcIncludeOneNoteUWP","IncludeOneNote_UWP","ODFC","v2105","fslogix.admx"
"Local","OdfcIncludeOutlook","Machine","Software\Policies\FSLogix\ODFC","OdfcIncludeOutlook","Dropdown","OdfcIncludeOutlook","IncludeOutlook","ODFC","v2105","fslogix.admx"
"Local","OdfcIncludeOutlookPersonalization","Machine","Software\Policies\FSLogix\ODFC","OdfcIncludeOutlookPersonalization","Dropdown","OdfcIncludeOutlookPersonalization","IncludeOutlookPersonalization","ODFC","v2105","fslogix.admx"
"Local","OdfcIncludeSharepoint","Machine","Software\Policies\FSLogix\ODFC","OdfcIncludeSharepoint","Dropdown","OdfcIncludeSharepoint","IncludeSharepoint","ODFC","v2105","fslogix.admx"
"Local","OdfcIncludeSkype","Machine","Software\Policies\FSLogix\ODFC","OdfcIncludeSkype","Dropdown","OdfcIncludeSkype","IncludeSkype","ODFC","v2105","fslogix.admx"
"Local","OdfcIncludeTeams","Machine","Software\Policies\FSLogix\ODFC","OdfcIncludeTeams","Dropdown","OdfcIncludeTeams","IncludeTeams","ODFC","v2105","fslogix.admx"
"Local","OdfcIsDynamicVHD","Machine","Software\Policies\FSLogix\ODFC","OdfcIsDynamicVHD","Dropdown","OdfcIsDynamicVHD","IsDynamic","ODFC","v2105","fslogix.admx"
"Local","OdfcLockedRetryCount","Machine","Software\Policies\FSLogix\ODFC","OdfcLockedRetryCount","Number","","LockedRetryCount","ODFC","v2105","fslogix.admx"
"Local","OdfcLockedRetryInterval","Machine","Software\Policies\FSLogix\ODFC","OdfcLockedRetryInterval","Number","","LockedRetryInterval","ODFC","v2105","fslogix.admx"
"Local","OdfcMirrorLocalOSTToVHD","Machine","Software\Policies\FSLogix\ODFC","OdfcMirrorLocalOSTToVHD","Dropdown","OdfcMirrorLocalOSTToVHD","MirrorLocalOSTToVHD","ODFC","v2105","fslogix.admx"
"Local","OdfcNumberSessionVHDsToKeep","Machine","Software\Policies\FSLogix\ODFC","OdfcNumberSessionVHDsToKeep","Number","","NumSessionVHDsToKeep","ODFC","v2105","fslogix.admx"
"Local","OdfcOutlookCachedMode","Machine","Software\Policies\FSLogix\ODFC","OdfcOutlookCachedMode","Dropdown","OdfcOutlookCachedMode","OutlookCachedMode","ODFC","v2105","fslogix.admx"
"Local","OdfcOutlookFolderPath","Machine","Software\Policies\FSLogix\ODFC","OdfcOutlookFolderPath","TextBox","OdfcOutlookFolderPath","OutlookFolderPath","ODFC","v2105","fslogix.admx"
"Local","OdfcPreventLoginWithFailure","Machine","Software\Policies\FSLogix\ODFC","OdfcPreventLoginWithFailure","Dropdown","OdfcPreventLoginWithFailure","PreventLoginWithFailure","ODFC","v2105","fslogix.admx"
"Local","OdfcPreventLoginWithTempProfile","Machine","Software\Policies\FSLogix\ODFC","OdfcPreventLoginWithTempProfile","Dropdown","OdfcPreventLoginWithTempProfile","PreventLoginWithTempProfile","ODFC","v2105","fslogix.admx"
"Local","OdfcReattachCount","Machine","Software\Policies\FSLogix\ODFC","OdfcReattachCount","Number","","ReAttachRetryCount","ODFC","v2105","fslogix.admx"
"Local","OdfcReattachInterval","Machine","Software\Policies\FSLogix\ODFC","OdfcReattachInterval","Number","","ReAttachIntervalSeconds","ODFC","v2105","fslogix.admx"
"Local","OdfcRedirectType","Machine","Software\Policies\FSLogix\ODFC","OdfcRedirectType","Dropdown","OdfcRedirectType","RedirectType","ODFC","v2105","fslogix.admx"
"Local","OdfcRefreshUserPolicy","Machine","Software\Policies\FSLogix\ODFC","OdfcRefreshUserPolicy","Dropdown","OdfcRefreshUserPolicy","RefreshUserPolicy","ODFC","v2105","fslogix.admx"
"Local","OdfcRemoveOrphanedOSTFilesOnLogoff","Machine","Software\Policies\FSLogix\ODFC","OdfcRemoveOrphanedOSTFilesOnLogoff","Dropdown","OdfcRemoveOrphanedOSTFilesOnLogoff","RemoveOrphanedOSTFilesOnLogoff","ODFC","v2105","fslogix.admx"
"Local","OdfcRoamSearch","Machine","Software\Policies\FSLogix\ODFC","OdfcRoamSearch","Dropdown","OdfcRoamSearch","RoamSearch","ODFC","v2105","fslogix.admx"
"Local","OdfcSizeInMBs","Machine","Software\Policies\FSLogix\ODFC","OdfcSizeInMBs","Number","","SizeInMBs","ODFC","v2105","fslogix.admx"
"Local","OdfcVHDAccessMode","Machine","Software\Policies\FSLogix\ODFC","OdfcVHDAccessMode","Dropdown","OdfcVHDAccessMode","VHDAccessMode","ODFC","v2105","fslogix.admx"
"Local","OdfcVHDLocations","Machine","Software\Policies\FSLogix\ODFC","OdfcVHDLocations","TextBox","OdfcVHDLocations","VHDLocations","ODFC","v2105","fslogix.admx"
"Local","OdfcVHDXSectorSize","Machine","Software\Policies\FSLogix\ODFC","OdfcVHDXSectorSize","Dropdown","OdfcVHDXSectorSize","VHDXSectorSize","ODFC","v2105","fslogix.admx"
"Local","OdfcVolumeTypeVHDorVHDX","Machine","Software\Policies\FSLogix\ODFC","OdfcVolumeTypeVHDorVHDX","Dropdown","OdfcVolumeTypeVHDorVHDX","VolumeType","ODFC","v2105","fslogix.admx"
"Local","OdfcVolumeWaitTimemilliseconds","Machine","Software\Policies\FSLogix\ODFC","OdfcVolumeWaitTimemilliseconds","Number","","VolumeWaitTimeMS","ODFC","v2105","fslogix.admx"
"Local","OdfcCCDLocations","Machine","Software\Policies\FSLogix\ODFC","OdfcCCDLocations","TextBox","OdfcCCDLocations","CCDLocations","ODFC_CCD","v2105","fslogix.admx"
"Local","OdfcCCDMaxCacheSizeinMBs","Machine","Software\Policies\FSLogix\ODFC","OdfcCCDMaxCacheSizeinMBs","Number","","CcdMaxCacheSizeInMBs","ODFC_CCD","v2105","fslogix.admx"
"Local","OdfcCCDUnregisterTimeout","Machine","Software\Policies\FSLogix\ODFC","OdfcCCDUnregisterTimeout","Number","","CCDUnregisterTimeout","ODFC_CCD","v2105","fslogix.admx"
"Local","OdfcClearCacheOnForcedUnregister","Machine","Software\Policies\FSLogix\ODFC","OdfcClearCacheOnForcedUnregister","Dropdown","OdfcClearCacheOnForcedUnregister","ClearCacheOnForcedUnregister","ODFC_CCD","v2105","fslogix.admx"
"Local","OdfcClearCacheOnLogoff","Machine","Software\Policies\FSLogix\ODFC","OdfcClearCacheOnLogoff","Dropdown","OdfcClearCacheOnLogoff","ClearCacheOnLogoff","ODFC_CCD","v2105","fslogix.admx"
"Local","OdfcHealthyProvidersRequiredForRegister","Machine","Software\Policies\FSLogix\ODFC","OdfcHealthyProvidersRequiredForRegister","Number","","HealthyProvidersRequiredForRegister","ODFC_CCD","v2105","fslogix.admx"
"Local","OdfcHealthyProvidersRequiredForUnregister","Machine","Software\Policies\FSLogix\ODFC","OdfcHealthyProvidersRequiredForUnregister","Number","","HealthyProvidersRequiredForUnregister","ODFC_CCD","v2105","fslogix.admx"
"Local","OdfcDiffDiskParentFolderPath","Machine","Software\Policies\FSLogix\ODFC","OdfcDiffDiskParentFolderPath","TextBox","OdfcDiffDiskParentFolderPath","DiffDiskParentFolderPath","ODFC_ContainerandDirectoryNaming","v2105","fslogix.admx"
"Local","OdfcFlipFlopProfileDirectoryName","Machine","Software\Policies\FSLogix\ODFC","OdfcFlipFlopProfileDirectoryName","Dropdown","OdfcFlipFlopProfileDirectoryName","FlipFlopProfileDirectoryName","ODFC_ContainerandDirectoryNaming","v2105","fslogix.admx"
"Local","OdfcNoProfileContainingFolder","Machine","Software\Policies\FSLogix\ODFC","OdfcNoProfileContainingFolder","Dropdown","OdfcNoProfileContainingFolder","NoProfileContainingFolder","ODFC_ContainerandDirectoryNaming","v2105","fslogix.admx"
"Local","OdfcSIDDirectoryNameMatch","Machine","Software\Policies\FSLogix\ODFC","OdfcSIDDirectoryNameMatch","TextBox","OdfcSIDDirectoryNameMatch","SIDDirNameMatch","ODFC_ContainerandDirectoryNaming","v2105","fslogix.admx"
"Local","OdfcSIDDirectoryNamePattern","Machine","Software\Policies\FSLogix\ODFC","OdfcSIDDirectoryNamePattern","TextBox","OdfcSIDDirectoryNamePattern","SIDDirNamePattern","ODFC_ContainerandDirectoryNaming","v2105","fslogix.admx"
"Local","OdfcVHDNameMatch","Machine","Software\Policies\FSLogix\ODFC","OdfcVHDNameMatch","TextBox","OdfcVHDNameMatch","VHDNameMatch","ODFC_ContainerandDirectoryNaming","v2105","fslogix.admx"
"Local","OdfcVHDNamePattern","Machine","Software\Policies\FSLogix\ODFC","OdfcVHDNamePattern","TextBox","OdfcVHDNamePattern","VHDNamePattern","ODFC_ContainerandDirectoryNaming","v2105","fslogix.admx"
"Local","ProfilesAccessNetworkasComputer","Machine","Software\FSLogix\Profiles","ProfilesAccessNetworkasComputer","Dropdown","ProfilesAccessNetworkasComputer","AccessNetworkAsComputerObject","Profiles","v2105","fslogix.admx"
"Local","ProfilesAttachedVHDSDDL","Machine","Software\FSLogix\Profiles","ProfilesAttachedVHDSDDL","TextBox","ProfilesAttachedVHDSDDL","AttachVHDSDDL","Profiles","v2105","fslogix.admx"
"Local","ProfilesCleanOutNotifications","Machine","Software\FSLogix\Profiles","ProfilesCleanOutNotifications","Dropdown","ProfilesCleanOutNotifications","CleanOutNotifications","Profiles","v2105","fslogix.admx"
"Local","ProfilesDeleteLocalProfileWhenVHDShouldApply","Machine","Software\FSLogix\Profiles","ProfilesDeleteLocalProfileWhenVHDShouldApply","Dropdown","ProfilesDeleteLocalProfileWhenVHDShouldApply","DeleteLocalProfileWhenVHDShouldApply","Profiles","v2105","fslogix.admx"
"Local","ProfilesEnabled","Machine","Software\FSLogix\Profiles","ProfilesEnabled","Dropdown","ProfilesEnabled","Enabled","Profiles","v2105","fslogix.admx"
"Local","ProfilesInstallAppxPackages","Machine","Software\FSLogix\Profiles","ProfilesInstallAppxPackages","Dropdown","ProfilesInstallAppxPackages","InstallAppxPackages","Profiles","v2210","fslogix.admx"
"Local","ProfilesIsDynamicVHD","Machine","Software\FSLogix\Profiles","ProfilesIsDynamicVHD","Dropdown","ProfilesIsDynamicVHD","IsDynamic","Profiles","v2105","fslogix.admx"
"Local","ProfilesKeepLocalDirectoryafterlogoff","Machine","Software\FSLogix\Profiles","ProfilesKeepLocalDirectoryafterlogoff","Dropdown","ProfilesKeepLocalDirectoryafterlogoff","KeepLocalDir","Profiles","v2105","fslogix.admx"
"Local","ProfilesLockedRetryCount","Machine","Software\FSLogix\Profiles","ProfilesLockedRetryCount","Number","","LockedRetryCount","Profiles","v2105","fslogix.admx"
"Local","ProfilesLockedRetryInterval","Machine","Software\FSLogix\Profiles","ProfilesLockedRetryInterval","Number","","LockedRetryInterval","Profiles","v2105","fslogix.admx"
"Local","ProfilesOutlookCachedMode","Machine","Software\FSLogix\Profiles","ProfilesOutlookCachedMode","Dropdown","ProfilesOutlookCachedMode","OutlookCachedMode","Profiles","v2105","fslogix.admx"
"Local","ProfilesPreventLoginWithFailure","Machine","Software\FSLogix\Profiles","ProfilesPreventLoginWithFailure","Dropdown","ProfilesPreventLoginWithFailure","PreventLoginWithFailure","Profiles","v2105","fslogix.admx"
"Local","ProfilesPreventLoginWithTempProfile","Machine","Software\FSLogix\Profiles","ProfilesPreventLoginWithTempProfile","Dropdown","ProfilesPreventLoginWithTempProfile","PreventLoginWithTempProfile","Profiles","v2105","fslogix.admx"
"Local","ProfilesProfileDirectorySDDL","Machine","Software\FSLogix\Profiles","ProfilesProfileDirectorySDDL","TextBox","ProfilesProfileDirectorySDDL","ProfileDirSDDL","Profiles","v2105","fslogix.admx"
"Local","ProfilesProfileType","Machine","Software\FSLogix\Profiles","ProfilesProfileType","Dropdown","ProfilesProfileType","ProfileType","Profiles","v2105","fslogix.admx"
"Local","ProfilesReattachCount","Machine","Software\FSLogix\Profiles","ProfilesReattachCount","Number","","ReAttachRetryCount","Profiles","v2105","fslogix.admx"
"Local","ProfilesReattachInterval","Machine","Software\FSLogix\Profiles","ProfilesReattachInterval","Number","","ReAttachIntervalSeconds","Profiles","v2105","fslogix.admx"
"Local","ProfilesRebootOnUserLogoff","Machine","Software\FSLogix\Profiles","ProfilesRebootOnUserLogoff","Dropdown","ProfilesRebootOnUserLogoff","RebootOnUserLogoff","Profiles","v2105","fslogix.admx"
"Local","ProfilesRedirectType","Machine","Software\FSLogix\Profiles","ProfilesRedirectType","Dropdown","ProfilesRedirectType","RedirectType","Profiles","v2105","fslogix.admx"
"Local","ProfilesRedirectionXMLSourceFolder","Machine","Software\FSLogix\Profiles","ProfilesRedirectionXMLSourceFolder","TextBox","ProfilesRedirectionXMLSourceFolder","RedirXMLSourceFolder","Profiles","v2105","fslogix.admx"
"Local","ProfilesRemoveOrphanedOSTFilesOnLogoff","Machine","Software\FSLogix\Profiles","ProfilesRemoveOrphanedOSTFilesOnLogoff","Dropdown","ProfilesRemoveOrphanedOSTFilesOnLogoff","RemoveOrphanedOSTFilesOnLogoff","Profiles","v2105","fslogix.admx"
"Local","ProfilesRoamIdentity","Machine","Software\FSLogix\Profiles","ProfilesRoamIdentity","Dropdown","ProfilesRoamIdentity","RoamIdentity","Profiles","v2210HF1","fslogix.admx"
"Local","ProfilesRoamSearch","Machine","Software\FSLogix\Profiles","ProfilesRoamSearch","Dropdown","ProfilesRoamSearch","RoamSearch","Profiles","v2105","fslogix.admx"
"Local","ProfilesRoamGroupPolicyState","Machine","Software\FSLogix\Profiles","ProfilesRoamGroupPolicyState","Dropdown","ProfilesRoamGroupPolicyState","GroupPolicyState","Profiles","v2210HF4","fslogix.admx"
"Local","ProfilesSetTempFolderstoLocalPath","Machine","Software\FSLogix\Profiles","ProfilesSetTempFolderstoLocalPath","Dropdown","ProfilesSetTempFolderstoLocalPath","SetTempToLocalPath","Profiles","v2105","fslogix.admx"
"Local","ProfilesShutdownOnUserLogoff","Machine","Software\FSLogix\Profiles","ProfilesShutdownOnUserLogoff","Dropdown","ProfilesShutdownOnUserLogoff","ShutdownOnUserLogoff","Profiles","v2105","fslogix.admx"
"Local","ProfilesSIDDirectorySDDL","Machine","Software\FSLogix\Profiles","ProfilesSIDDirectorySDDL","TextBox","ProfilesSIDDirectorySDDL","SIDDirSDDL","Profiles","v2105","fslogix.admx"
"Local","ProfilesSizeInMBs","Machine","Software\FSLogix\Profiles","ProfilesSizeInMBs","Number","","SizeInMBs","Profiles","v2105","fslogix.admx"
"Local","ProfilesVHDLocations","Machine","Software\FSLogix\Profiles","ProfilesVHDLocations","TextBox","ProfilesVHDLocations","VHDLocations","Profiles","v2105","fslogix.admx"
"Local","ProfilesVHDXSectorSize","Machine","Software\FSLogix\Profiles","ProfilesVHDXSectorSize","Dropdown","ProfilesVHDXSectorSize","VHDXSectorSize","Profiles","v2105","fslogix.admx"
"Local","ProfilesVolumeWaitTimemilliseconds","Machine","Software\FSLogix\Profiles","ProfilesVolumeWaitTimemilliseconds","Number","","VolumeWaitTimeMS","Profiles","v2105","fslogix.admx"
"Local","ProfilesCCDLocations","Machine","Software\FSLogix\Profiles","ProfilesCCDLocations","TextBox","ProfilesCCDLocations","CCDLocations","Profiles_CCD","v2105","fslogix.admx"
"Local","ProfilesCCDMaxCacheSizeinMBs","Machine","Software\FSLogix\Profiles","ProfilesCCDMaxCacheSizeinMBs","Number","","CcdMaxCacheSizeInMBs","Profiles_CCD","v2105","fslogix.admx"
"Local","ProfilesCCDUnregisterTimeout","Machine","Software\FSLogix\Profiles","ProfilesCCDUnregisterTimeout","Number","","CcdUnregisterTimeout","Profiles_CCD","v2105","fslogix.admx"
"Local","ProfilesClearCacheonForcedUnregister","Machine","Software\FSLogix\Profiles","ProfilesClearCacheonForcedUnregister","Dropdown","ProfilesClearCacheonForcedUnregister","ClearCacheOnForcedUnregister","Profiles_CCD","v2105","fslogix.admx"
"Local","ProfilesClearCacheonLogoff","Machine","Software\FSLogix\Profiles","ProfilesClearCacheonLogoff","Dropdown","ProfilesClearCacheonLogoff","ClearCacheOnLogoff","Profiles_CCD","v2105","fslogix.admx"
"Local","ProfilesHealthyProvidersRequiredForRegister","Machine","Software\FSLogix\Profiles","ProfilesHealthyProvidersRequiredForRegister","Number","","HealthyProvidersRequiredForRegister","Profiles_CCD","v2105","fslogix.admx"
"Local","ProfilesHealthyProvidersRequiredForUnregister","Machine","Software\FSLogix\Profiles","ProfilesHealthyProvidersRequiredForUnregister","Number","","HealthyProvidersRequiredForUnregister","Profiles_CCD","v2105","fslogix.admx"
"Local","ProfilesDiffDiskParentFolderPath","Machine","Software\FSLogix\Profiles","ProfilesDiffDiskParentFolderPath","TextBox","ProfilesDiffDiskParentFolderPath","DiffDiskParentFolderPath","Profiles_ContainerandDirectoryNaming","v2105","fslogix.admx"
"Local","ProfilesFlipFlopProfileDirectoryName","Machine","Software\FSLogix\Profiles","ProfilesFlipFlopProfileDirectoryName","Dropdown","ProfilesFlipFlopProfileDirectoryName","FlipFlopProfileDirectoryName","Profiles_ContainerandDirectoryNaming","v2105","fslogix.admx"
"Local","ProfilesNoProfileContainingFolder","Machine","Software\FSLogix\Profiles","ProfilesNoProfileContainingFolder","Dropdown","ProfilesNoProfileContainingFolder","NoProfileContainingFolder","Profiles_ContainerandDirectoryNaming","v2105","fslogix.admx"
"Local","ProfilesSIDDirectoryNameMatch","Machine","Software\FSLogix\Profiles","ProfilesSIDDirectoryNameMatch","TextBox","ProfilesSIDDirectoryNameMatch","SIDDirNameMatch","Profiles_ContainerandDirectoryNaming","v2105","fslogix.admx"
"Local","ProfilesSIDDirectoryNamePattern","Machine","Software\FSLogix\Profiles","ProfilesSIDDirectoryNamePattern","TextBox","ProfilesSIDDirectoryNamePattern","SIDDirNamePattern","Profiles_ContainerandDirectoryNaming","v2105","fslogix.admx"
"Local","ProfilesVHDNameMatch","Machine","Software\FSLogix\Profiles","ProfilesVHDNameMatch","TextBox","ProfilesVHDNameMatch","VHDNameMatch","Profiles_ContainerandDirectoryNaming","v2105","fslogix.admx"
"Local","ProfilesVHDNamePattern","Machine","Software\FSLogix\Profiles","ProfilesVHDNamePattern","TextBox","ProfilesVHDNamePattern","VHDNamePattern","Profiles_ContainerandDirectoryNaming","v2105","fslogix.admx"
"Local","ProfilesVolumeTypeVHDorVHDX","Machine","Software\FSLogix\Profiles","ProfilesVolumeTypeVHDorVHDX","Dropdown","ProfilesVolumeTypeVHDorVHDX","VolumeType","Profiles_ContainerandDirectoryNaming","v2105","fslogix.admx"
