"GroupPolicyName","GroupPolicyKey","GroupPolicyValueName","IntuneDisplayName","IntuneName","IntuneKeywords","IntuneRootDefinitionId","IntuneOffsetURI","IntuneInfoUrls","IntuneMinimumSupportedVersion","IntuneWindowsSkus"
"DisablePersonalSync","SOFTWARE\Policies\Microsoft\OneDrive","DisablePersonalSync","Prevent users from syncing personal OneDrive accounts (User)","DisablePersonalSync","DisablePersonalSync; Prevent users from syncing personal OneDrive accounts; \OneDrive; OneDrive; One Drive","user_vendor_msft_policy_config_onedrivengscv2~policy~onedrivengsc_disablepersonalsync","/Config/OneDriveNGSCv2~Policy~OneDriveNGSC/DisablePersonalSync","",,""
"AutoMountTeamSites","SOFTWARE\Policies\Microsoft\OneDrive","AutoMountTeamSites","Configure team site libraries to sync automatically (User)","AutoMountTeamSites","AutoMountTeamSites; Configure team site libraries to sync automatically; \OneDrive; OneDrive; One Drive","user_vendor_msft_policy_config_onedrivengscv2~policy~onedrivengsc_automountteamsites","/Config/OneDriveNGSCv2~Policy~OneDriveNGSC/AutoMountTeamSites","",,""
"DisablePauseOnBatterySaver","SOFTWARE\Policies\Microsoft\OneDrive","DisablePauseOnBatterySaver","Continue syncing when devices have battery saver mode turned on (User)","DisablePauseOnBatterySaver","DisablePauseOnBatterySaver; Continue syncing when devices have battery saver mode turned on; \OneDrive; OneDrive; One Drive","user_vendor_msft_policy_config_onedrivengscv2~policy~onedrivengsc_disablepauseonbatterysaver","/Config/OneDriveNGSCv2~Policy~OneDriveNGSC/DisablePauseOnBatterySaver","",,""
"DisablePauseOnMeteredNetwork","SOFTWARE\Policies\Microsoft\OneDrive","DisablePauseOnMeteredNetwork","Continue syncing on metered networks (User)","DisablePauseOnMeteredNetwork","DisablePauseOnMeteredNetwork; Continue syncing on metered networks; \OneDrive; OneDrive; One Drive","user_vendor_msft_policy_config_onedrivengscv2~policy~onedrivengsc_disablepauseonmeterednetwork","/Config/OneDriveNGSCv2~Policy~OneDriveNGSC/DisablePauseOnMeteredNetwork","",,""
"ForcedLocalMassDeleteDetection","SOFTWARE\Policies\Microsoft\OneDrive","ForcedLocalMassDeleteDetection","Require users to confirm large delete operations","ForcedLocalMassDeleteDetection","ForcedLocalMassDeleteDetection; Require users to confirm large delete operations; \OneDrive; OneDrive; One Drive","device_vendor_msft_policy_config_onedrivengscv2~policy~onedrivengsc_forcedlocalmassdeletedetection","/Config/OneDriveNGSCv2~Policy~OneDriveNGSC/ForcedLocalMassDeleteDetection","",,""
"BlockExternalSync","SOFTWARE\Policies\Microsoft\OneDrive","BlockExternalSync","Prevent users from syncing libraries and folders shared from other organizations","BlockExternalSync","BlockExternalSync; Prevent users from syncing libraries and folders shared from other organizations; \OneDrive; OneDrive; One Drive","device_vendor_msft_policy_config_onedrivengscv2~policy~onedrivengsc_blockexternalsync","/Config/OneDriveNGSCv2~Policy~OneDriveNGSC/BlockExternalSync","",,""
"PermitDisablePermissionInheritance","SOFTWARE\Policies\Microsoft\OneDrive","PermitDisablePermissionInheritance","Allow OneDrive to disable Windows permission inheritance in folders synced read-only","PermitDisablePermissionInheritance","PermitDisablePermissionInheritance; Allow OneDrive to disable Windows permission inheritance in folders synced read-only; \OneDrive; OneDrive; One Drive","device_vendor_msft_policy_config_onedrivengscv3~policy~onedrivengsc_permitdisablepermissioninheritance","/Config/OneDriveNGSCv3~Policy~OneDriveNGSC/PermitDisablePermissionInheritance","",,""
"EnableAutomaticUploadBandwidthManagement","SOFTWARE\Policies\Microsoft\OneDrive","EnableAutomaticUploadBandwidthManagement","Enable automatic upload bandwidth management for OneDrive","EnableAutomaticUploadBandwidthManagement","EnableAutomaticUploadBandwidthManagement; Enable automatic upload bandwidth management for OneDrive; \OneDrive; OneDrive; One Drive","device_vendor_msft_policy_config_onedrivengscv3~policy~onedrivengsc_enableautomaticuploadbandwidthmanagement","/Config/OneDriveNGSCv3~Policy~OneDriveNGSC/EnableAutomaticUploadBandwidthManagement","",,""
"MinDiskSpaceLimitInMB","SOFTWARE\Policies\Microsoft\OneDrive","MinDiskSpaceLimitInMB","Block file downloads when users are low on disk space","MinDiskSpaceLimitInMB","MinDiskSpaceLimitInMB; Block file downloads when users are low on disk space; \OneDrive; OneDrive; One Drive","device_vendor_msft_policy_config_onedrivengscv3~policy~onedrivengsc_mindiskspacelimitinmb","/Config/OneDriveNGSCv3~Policy~OneDriveNGSC/MinDiskSpaceLimitInMB","",,""
"WarningMinDiskSpaceLimitInMB","SOFTWARE\Policies\Microsoft\OneDrive","WarningMinDiskSpaceLimitInMB","Warn users who are low on disk space","WarningMinDiskSpaceLimitInMB","WarningMinDiskSpaceLimitInMB; Warn users who are low on disk space; \OneDrive; OneDrive; One Drive","device_vendor_msft_policy_config_onedrivengscv3~policy~onedrivengsc_warningmindiskspacelimitinmb","/Config/OneDriveNGSCv3~Policy~OneDriveNGSC/WarningMinDiskSpaceLimitInMB","",,""
"DisableFirstDeleteDialog","SOFTWARE\Policies\Microsoft\OneDrive","DisableFirstDeleteDialog","Hide the ""Deleted files are removed everywhere"" reminder","DisableFirstDeleteDialog","DisableFirstDeleteDialog; Hide the ""Deleted files are removed everywhere"" reminder; \OneDrive; OneDrive; One Drive","device_vendor_msft_policy_config_onedrivengscv4~policy~onedrivengsc_disablefirstdeletedialog","/Config/OneDriveNGSCv4~Policy~OneDriveNGSC/DisableFirstDeleteDialog","",,""
"LocalMassDeleteFileDeleteThreshold","SOFTWARE\Policies\Microsoft\OneDrive","LocalMassDeleteFileDeleteThreshold","Prompt users when they delete multiple OneDrive files on their local computer","LocalMassDeleteFileDeleteThreshold","LocalMassDeleteFileDeleteThreshold; Prompt users when they delete multiple OneDrive files on their local computer; \OneDrive; OneDrive; One Drive","device_vendor_msft_policy_config_onedrivengscv3~policy~onedrivengsc_localmassdeletefiledeletethreshold","/Config/OneDriveNGSCv3~Policy~OneDriveNGSC/LocalMassDeleteFileDeleteThreshold","",,""
"EnableODIgnoreListFromGPO","SOFTWARE\Policies\Microsoft\OneDrive","EnableODIgnoreListFromGPO","Exclude specific kinds of files from being uploaded","EnableODIgnoreListFromGPO","EnableODIgnoreListFromGPO; Exclude specific kinds of files from being uploaded; \OneDrive; OneDrive; One Drive","device_vendor_msft_policy_config_onedrivengscv4~policy~onedrivengsc_enableodignorelistfromgpo","/Config/OneDriveNGSCv4~Policy~OneDriveNGSC/EnableODIgnoreListFromGPO","",,""
"IgnoreWebProxy","SOFTWARE\Policies\Microsoft\OneDrive","IgnoreWebProxy","Cause sync client to ignore normal web proxy detection logic","IgnoreWebProxy","IgnoreWebProxy; Cause sync client to ignore normal web proxy detection logic; \OneDrive; OneDrive; One Drive","device_vendor_msft_policy_config_onedrivengscv4~policy~onedrivengsc_ignorewebproxy","/Config/OneDriveNGSCv4~Policy~OneDriveNGSC/IgnoreWebProxy","",,""
"EnableSyncAdminReports","SOFTWARE\Policies\Microsoft\OneDrive","EnableSyncAdminReports","Enable sync health reporting for OneDrive","EnableSyncAdminReports","EnableSyncAdminReports; Enable sync health reporting for OneDrive; \OneDrive; OneDrive","device_vendor_msft_policy_config_onedrivengscv6~policy~onedrivengsc_enablesyncadminreports","/Config/OneDriveNGSCv6~Policy~OneDriveNGSC/EnableSyncAdminReports","",,""
"EnableFeedbackAndSupport","SOFTWARE\Policies\Microsoft\OneDrive","EnableFeedbackAndSupport","Allow users to contact Microsoft for feedback and support","EnableFeedbackAndSupport","EnableFeedbackAndSupport;  Allow users to contact Microsoft for feedback and support; \OneDrive; OneDrive","device_vendor_msft_policy_config_onedrivengscv6~policy~onedrivengsc_enablefeedbackandsupport","/Config/OneDriveNGSCv6~Policy~OneDriveNGSC/EnableFeedbackAndSupport","",,""
"EnableFeedbackAndSupport","SOFTWARE\Policies\Microsoft\OneDrive","EnableFeedbackAndSupport","Allow users to contact Microsoft for feedback and support","EnableFeedbackAndSupport","EnableFeedbackAndSupport;  Allow users to contact Microsoft for feedback and support; \OneDrive; OneDrive","device_vendor_msft_policy_config_onedrivengscv6~policy~onedrivengsc_enablefeedbackandsupport","/Config/OneDriveNGSCv6~Policy~OneDriveNGSC/EnableFeedbackAndSupport","",,""
"EnableFeedbackAndSupport","SOFTWARE\Policies\Microsoft\OneDrive","EnableFeedbackAndSupport","Allow users to contact Microsoft for feedback and support","EnableFeedbackAndSupport","EnableFeedbackAndSupport;  Allow users to contact Microsoft for feedback and support; \OneDrive; OneDrive","device_vendor_msft_policy_config_onedrivengscv6~policy~onedrivengsc_enablefeedbackandsupport","/Config/OneDriveNGSCv6~Policy~OneDriveNGSC/EnableFeedbackAndSupport","",,""
"AddedFolderHardDeleteOnUnmount","SOFTWARE\Policies\Microsoft\OneDrive","AddedFolderHardDeleteOnUnmount","","","","","","","",""
"DisableNewAccountDetection","SOFTWARE\Policies\Microsoft\OneDrive","DisableNewAccountDetection","Disable a toast and activity center message to encourage a user to sign in OneDrive using an existing credential that is made available to Microsoft applications","DisableNewAccountDetection","DisableNewAccountDetection; Disable a toast and activity center message to encourage a user to sign in OneDrive using an existing credential that is made available to Microsoft applications; \OneDrive; OneDrive","device_vendor_msft_policy_config_onedrivengscv7~policy~onedrivengsc_disablenewaccountdetection","/Config/OneDriveNGSCv7~Policy~OneDriveNGSC/DisableNewAccountDetection","",,""
"DisableAutoConfig","SOFTWARE\Policies\Microsoft\OneDrive","DisableAutoConfig","Disable silently sign in users to the OneDrive sync app with an existing credential that is made available to Microsoft applications","DisableAutoConfig","DisableAutoConfig; Disable silently sign in users to the OneDrive sync app with an existing credential that is made available to Microsoft applications; \OneDrive; OneDrive","device_vendor_msft_policy_config_onedrivengscv6~policy~onedrivengsc_disableautoconfig","/Config/OneDriveNGSCv6~Policy~OneDriveNGSC/DisableAutoConfig","",,""
"DisableOfflineModeForExternalLibraries","SOFTWARE\Policies\Microsoft\OneDrive","DisableOfflineModeForExternalLibraries","","","","","","","",""
"DisableOfflineMode","SOFTWARE\Policies\Microsoft\OneDrive","DisableOfflineMode","","","","","","","",""
"DisableListSyncSilentConfig","SOFTWARE\Policies\Microsoft\OneDrive","DisableNucleusSilentConfig","Disables silent configuration of Lists sync on this device.","DisableListSyncSilentConfig","DisableListSyncSilentConfig; Disables silent configuration of Lists sync on this device.; \List Sync; List Sync","device_vendor_msft_policy_config_onedrivengscv6~policy~nucleuslistsync_disablelistsyncsilentconfig","/Config/OneDriveNGSCv6~Policy~NucleusListSync/DisableListSyncSilentConfig","",,""
"AutoMountTeamSites","SOFTWARE\Policies\Microsoft\OneDrive","AutoMountTeamSites","Configure team site libraries to sync automatically","AutoMountTeamSites","AutoMountTeamSites; Configure team site libraries to sync automatically; \OneDrive; OneDrive; One Drive","device_vendor_msft_policy_config_onedrivengscv2~policy~onedrivengsc_automountteamsites","/Config/OneDriveNGSCv2~Policy~OneDriveNGSC/AutoMountTeamSites","",,""
"BlockExternalListSync","SOFTWARE\Policies\Microsoft\OneDrive","BlockExternalListSync","Blocks syncing of external lists via Lists sync","BlockExternalListSync","BlockExternalListSync; Blocks syncing of external lists via Lists sync; \List Sync; List Sync","device_vendor_msft_policy_config_onedrivengscv6~policy~nucleuslistsync_blockexternallistsync","/Config/OneDriveNGSCv6~Policy~NucleusListSync/BlockExternalListSync","",,""
"EnableFeedbackAndSupport","SOFTWARE\Policies\Microsoft\OneDrive","EnableFeedbackAndSupport","Allow users to contact Microsoft for feedback and support","EnableFeedbackAndSupport","EnableFeedbackAndSupport;  Allow users to contact Microsoft for feedback and support; \OneDrive; OneDrive","device_vendor_msft_policy_config_onedrivengscv6~policy~onedrivengsc_enablefeedbackandsupport","/Config/OneDriveNGSCv6~Policy~OneDriveNGSC/EnableFeedbackAndSupport","",,""
"EnableFeedbackAndSupport","SOFTWARE\Policies\Microsoft\OneDrive","EnableFeedbackAndSupport","Allow users to contact Microsoft for feedback and support","EnableFeedbackAndSupport","EnableFeedbackAndSupport;  Allow users to contact Microsoft for feedback and support; \OneDrive; OneDrive","device_vendor_msft_policy_config_onedrivengscv6~policy~onedrivengsc_enablefeedbackandsupport","/Config/OneDriveNGSCv6~Policy~OneDriveNGSC/EnableFeedbackAndSupport","",,""
"EnableFeedbackAndSupport","SOFTWARE\Policies\Microsoft\OneDrive","EnableFeedbackAndSupport","Allow users to contact Microsoft for feedback and support","EnableFeedbackAndSupport","EnableFeedbackAndSupport;  Allow users to contact Microsoft for feedback and support; \OneDrive; OneDrive","device_vendor_msft_policy_config_onedrivengscv6~policy~onedrivengsc_enablefeedbackandsupport","/Config/OneDriveNGSCv6~Policy~OneDriveNGSC/EnableFeedbackAndSupport","",,""
"EnableFeedbackAndSupport","SOFTWARE\Policies\Microsoft\OneDrive","EnableFeedbackAndSupport","Allow users to contact Microsoft for feedback and support","EnableFeedbackAndSupport","EnableFeedbackAndSupport;  Allow users to contact Microsoft for feedback and support; \OneDrive; OneDrive","device_vendor_msft_policy_config_onedrivengscv6~policy~onedrivengsc_enablefeedbackandsupport","/Config/OneDriveNGSCv6~Policy~OneDriveNGSC/EnableFeedbackAndSupport","",,""
"EnableFeedbackAndSupport","SOFTWARE\Policies\Microsoft\OneDrive","EnableFeedbackAndSupport","Allow users to contact Microsoft for feedback and support","EnableFeedbackAndSupport","EnableFeedbackAndSupport;  Allow users to contact Microsoft for feedback and support; \OneDrive; OneDrive","device_vendor_msft_policy_config_onedrivengscv6~policy~onedrivengsc_enablefeedbackandsupport","/Config/OneDriveNGSCv6~Policy~OneDriveNGSC/EnableFeedbackAndSupport","",,""
"EnableFeedbackAndSupport","SOFTWARE\Policies\Microsoft\OneDrive","EnableFeedbackAndSupport","Allow users to contact Microsoft for feedback and support","EnableFeedbackAndSupport","EnableFeedbackAndSupport;  Allow users to contact Microsoft for feedback and support; \OneDrive; OneDrive","device_vendor_msft_policy_config_onedrivengscv6~policy~onedrivengsc_enablefeedbackandsupport","/Config/OneDriveNGSCv6~Policy~OneDriveNGSC/EnableFeedbackAndSupport","",,""
"DisableListSync","SOFTWARE\Policies\Microsoft\OneDrive","DisableNucleusSync","Disables Lists sync on this device.","DisableListSync","DisableListSync; Disables Lists sync on this device.; \List Sync; List Sync","device_vendor_msft_policy_config_onedrivengscv6~policy~nucleuslistsync_disablelistsync","/Config/OneDriveNGSCv6~Policy~NucleusListSync/DisableListSync","",,""
"AddedFolderUnmountOnPermissionsLoss","SOFTWARE\Policies\Microsoft\OneDrive","AddedFolderUnmountOnPermissionsLoss","","","","","","","",""
"KFMForceWindowsDisplayLanguage","SOFTWARE\Policies\Microsoft\OneDrive","KfmForceWindowsDisplayLanguage","Always use the user's Windows display language when provisioning known folders in OneDrive","KFMForceWindowsDisplayLanguage","KFMForceWindowsDisplayLanguage; Always use the user's Windows display language when provisioning known folders in OneDrive; \OneDrive; OneDrive; One Drive","device_vendor_msft_policy_config_onedrivengscv4~policy~onedrivengsc_kfmforcewindowsdisplaylanguage","/Config/OneDriveNGSCv4~Policy~OneDriveNGSC/KFMForceWindowsDisplayLanguage","",,""
"KFMBlockOptOut","SOFTWARE\Policies\Microsoft\OneDrive","KFMBlockOptOut","Prevent users from redirecting their Windows known folders to their PC","KFMBlockOptOut","KFMBlockOptOut; Prevent users from redirecting their Windows known folders to their PC; \OneDrive; OneDrive; One Drive","device_vendor_msft_policy_config_onedrivengscv2~policy~onedrivengsc_kfmblockoptout","/Config/OneDriveNGSCv2~Policy~OneDriveNGSC/KFMBlockOptOut","",,""
"GPOSetUpdateRing","SOFTWARE\Policies\Microsoft\OneDrive","GPOSetUpdateRing","Set the sync app update ring","GPOSetUpdateRing","GPOSetUpdateRing; Set the sync app update ring; \OneDrive; OneDrive; One Drive","device_vendor_msft_policy_config_onedrivengscv2~policy~onedrivengsc_gposetupdatering","/Config/OneDriveNGSCv2~Policy~OneDriveNGSC/GPOSetUpdateRing","",,""
"DefaultRootDir","SOFTWARE\Policies\Microsoft\OneDrive","DefaultRootDir","Set the default location for the OneDrive folder (User)","DefaultRootDir","DefaultRootDir; Set the default location for the OneDrive folder; \OneDrive; OneDrive; One Drive","user_vendor_msft_policy_config_onedrivengscv2~policy~onedrivengsc_defaultrootdir","/Config/OneDriveNGSCv2~Policy~OneDriveNGSC/DefaultRootDir","",,""
"DisableCustomRoot","SOFTWARE\Policies\Microsoft\OneDrive","DisableCustomRoot","Prevent users from changing the location of their OneDrive folder (User)","DisableCustomRoot","DisableCustomRoot; Prevent users from changing the location of their OneDrive folder; \OneDrive; OneDrive; One Drive","user_vendor_msft_policy_config_onedrivengscv2~policy~onedrivengsc_disablecustomroot","/Config/OneDriveNGSCv2~Policy~OneDriveNGSC/DisableCustomRoot","",,""
"EnableAutoStart","SOFTWARE\Policies\Microsoft\OneDrive","EnableAutoStart","Start OneDrive automatically when signing in to Windows (User)","EnableAutoStart","EnableAutoStart; Start OneDrive automatically when signing in to Windows; \OneDrive; OneDrive","user_vendor_msft_policy_config_onedrivengscv7~policy~onedrivengsc_enableautostart","/Config/OneDriveNGSCv7~Policy~OneDriveNGSC/EnableAutoStart","",,""
"AutomaticUploadBandwidthPercentage","SOFTWARE\Policies\Microsoft\OneDrive","AutomaticUploadBandwidthPercentage","Limit the sync app upload rate to a percentage of throughput","AutomaticUploadBandwidthPercentage","AutomaticUploadBandwidthPercentage; Limit the sync app upload rate to a percentage of throughput; \OneDrive; OneDrive; One Drive","device_vendor_msft_policy_config_onedrivengscv2~policy~onedrivengsc_automaticuploadbandwidthpercentage","/Config/OneDriveNGSCv2~Policy~OneDriveNGSC/AutomaticUploadBandwidthPercentage","",,""
"UploadBandwidthLimit","SOFTWARE\Policies\Microsoft\OneDrive","UploadBandwidthLimit","Limit the sync app upload speed to a fixed rate (User)","UploadBandwidthLimit","UploadBandwidthLimit; Limit the sync app upload speed to a fixed rate; \OneDrive; OneDrive; One Drive","user_vendor_msft_policy_config_onedrivengscv2~policy~onedrivengsc_uploadbandwidthlimit","/Config/OneDriveNGSCv2~Policy~OneDriveNGSC/UploadBandwidthLimit","",,""
"DownloadBandwidthLimit","SOFTWARE\Policies\Microsoft\OneDrive","DownloadBandwidthLimit","Limit the sync app download speed to a fixed rate (User)","DownloadBandwidthLimit","DownloadBandwidthLimit; Limit the sync app download speed to a fixed rate; \OneDrive; OneDrive; One Drive","user_vendor_msft_policy_config_onedrivengscv2~policy~onedrivengsc_downloadbandwidthlimit","/Config/OneDriveNGSCv2~Policy~OneDriveNGSC/DownloadBandwidthLimit","",,""
"PreventNetworkTrafficPreUserSignIn","SOFTWARE\Policies\Microsoft\OneDrive","PreventNetworkTrafficPreUserSignIn","Prevent the sync app from generating network traffic until users sign in","PreventNetworkTrafficPreUserSignIn","PreventNetworkTrafficPreUserSignIn; Prevent the sync app from generating network traffic until users sign in; \OneDrive; OneDrive; One Drive","device_vendor_msft_policy_config_onedrivengscv2~policy~onedrivengsc_preventnetworktrafficpreusersignin","/Config/OneDriveNGSCv2~Policy~OneDriveNGSC/PreventNetworkTrafficPreUserSignIn","",,""
"SilentAccountConfig","SOFTWARE\Policies\Microsoft\OneDrive","SilentAccountConfig","Silently sign in users to the OneDrive sync app with their Windows credentials","SilentAccountConfig","SilentAccountConfig; Silently sign in users to the OneDrive sync app with their Windows credentials; \OneDrive; OneDrive; One Drive","device_vendor_msft_policy_config_onedrivengscv2~policy~onedrivengsc_silentaccountconfig","/Config/OneDriveNGSCv2~Policy~OneDriveNGSC/SilentAccountConfig","",,""
"DiskSpaceCheckThresholdMB","Software\Policies\Microsoft\OneDrive","DiskSpaceCheckThresholdMB","Set the maximum size of a user's OneDrive that can download automatically","DiskSpaceCheckThresholdMB","DiskSpaceCheckThresholdMB; Set the maximum size of a user's OneDrive that can download automatically; \OneDrive; OneDrive; One Drive","device_vendor_msft_policy_config_onedrivengscv2~policy~onedrivengsc_diskspacecheckthresholdmb","/Config/OneDriveNGSCv2~Policy~OneDriveNGSC/DiskSpaceCheckThresholdMB","",,""
"FilesOnDemandEnabled","SOFTWARE\Policies\Microsoft\OneDrive","FilesOnDemandEnabled","Use OneDrive Files On-Demand","FilesOnDemandEnabled","FilesOnDemandEnabled; Use OneDrive Files On-Demand; \OneDrive; OneDrive; One Drive","device_vendor_msft_policy_config_onedrivengscv2~policy~onedrivengsc_filesondemandenabled","/Config/OneDriveNGSCv2~Policy~OneDriveNGSC/FilesOnDemandEnabled","",,""
"DehydrateSyncedTeamSites","SOFTWARE\Policies\Microsoft\OneDrive","DehydrateSyncedTeamSites","Convert synced team site files to online-only files","DehydrateSyncedTeamSites","DehydrateSyncedTeamSites; Convert synced team site files to online-only files; \OneDrive; OneDrive; One Drive","device_vendor_msft_policy_config_onedrivengscv2~policy~onedrivengsc_dehydratesyncedteamsites","/Config/OneDriveNGSCv2~Policy~OneDriveNGSC/DehydrateSyncedTeamSites","",,""
"AllowTenantList","SOFTWARE\Policies\Microsoft\OneDrive","AllowTenantList","Allow syncing OneDrive accounts for only specific organizations","AllowTenantList","AllowTenantList; Allow syncing OneDrive accounts for only specific organizations; \OneDrive; OneDrive; One Drive","device_vendor_msft_policy_config_onedrivengscv2~policy~onedrivengsc_allowtenantlist","/Config/OneDriveNGSCv2~Policy~OneDriveNGSC/AllowTenantList","",,""
"BlockTenantList","SOFTWARE\Policies\Microsoft\OneDrive","BlockTenantList","Block syncing OneDrive accounts for specific organizations","BlockTenantList","BlockTenantList; Block syncing OneDrive accounts for specific organizations; \OneDrive; OneDrive; One Drive","device_vendor_msft_policy_config_onedrivengscv2~policy~onedrivengsc_blocktenantlist","/Config/OneDriveNGSCv2~Policy~OneDriveNGSC/BlockTenantList","",,""
"SharePointOnPremFrontDoorUrl","SOFTWARE\Policies\Microsoft\OneDrive","SharePointOnPremFrontDoorUrl","Specify SharePoint Server URL and organization name","SharePointOnPremFrontDoorUrl","SharePointOnPremFrontDoorUrl; Specify SharePoint Server URL and organization name; \OneDrive; OneDrive; One Drive","device_vendor_msft_policy_config_onedrivengscv2~policy~onedrivengsc_sharepointonpremfrontdoorurl","/Config/OneDriveNGSCv2~Policy~OneDriveNGSC/SharePointOnPremFrontDoorUrl","",,""
"SharePointOnPremFrontDoorUrl","SOFTWARE\Policies\Microsoft\OneDrive","SharePointOnPremFrontDoorUrl","Specify SharePoint Server URL and organization name","SharePointOnPremFrontDoorUrl","SharePointOnPremFrontDoorUrl; Specify SharePoint Server URL and organization name; \OneDrive; OneDrive; One Drive","device_vendor_msft_policy_config_onedrivengscv2~policy~onedrivengsc_sharepointonpremfrontdoorurl","/Config/OneDriveNGSCv2~Policy~OneDriveNGSC/SharePointOnPremFrontDoorUrl","",,""
"SharePointOnPremFrontDoorUrl","SOFTWARE\Policies\Microsoft\OneDrive","SharePointOnPremFrontDoorUrl","Specify SharePoint Server URL and organization name","SharePointOnPremFrontDoorUrl","SharePointOnPremFrontDoorUrl; Specify SharePoint Server URL and organization name; \OneDrive; OneDrive; One Drive","device_vendor_msft_policy_config_onedrivengscv2~policy~onedrivengsc_sharepointonpremfrontdoorurl","/Config/OneDriveNGSCv2~Policy~OneDriveNGSC/SharePointOnPremFrontDoorUrl","",,""
"KFMOptInNoWizard","SOFTWARE\Policies\Microsoft\OneDrive","KFMOptInNoWizard","Silently move Windows known folders to OneDrive","KFMOptInNoWizard","KFMOptInNoWizard; Silently move Windows known folders to OneDrive; \OneDrive; OneDrive; One Drive","device_vendor_msft_policy_config_onedrivengscv2~policy~onedrivengsc_kfmoptinnowizard","/Config/OneDriveNGSCv2~Policy~OneDriveNGSC/KFMOptInNoWizard","",,""
"KFMOptInNoWizard","SOFTWARE\Policies\Microsoft\OneDrive","KFMOptInNoWizard","Silently move Windows known folders to OneDrive","KFMOptInNoWizard","KFMOptInNoWizard; Silently move Windows known folders to OneDrive; \OneDrive; OneDrive","device_vendor_msft_policy_config_onedrivengscv2.updates~policy~onedrivengsc_kfmoptinnowizard","/Config/OneDriveNGSCv2.Updates~Policy~OneDriveNGSC/KFMOptInNoWizard","",,""
"KFMOptInNoWizard","SOFTWARE\Policies\Microsoft\OneDrive","KFMOptInNoWizard","Silently move Windows known folders to OneDrive","KFMOptInNoWizard","KFMOptInNoWizard; Silently move Windows known folders to OneDrive; \OneDrive; OneDrive; One Drive","device_vendor_msft_policy_config_onedrivengscv2~policy~onedrivengsc_kfmoptinnowizard","/Config/OneDriveNGSCv2~Policy~OneDriveNGSC/KFMOptInNoWizard","",,""
"KFMOptInNoWizard","SOFTWARE\Policies\Microsoft\OneDrive","KFMOptInNoWizard","Silently move Windows known folders to OneDrive","KFMOptInNoWizard","KFMOptInNoWizard; Silently move Windows known folders to OneDrive; \OneDrive; OneDrive","device_vendor_msft_policy_config_onedrivengscv2.updates~policy~onedrivengsc_kfmoptinnowizard","/Config/OneDriveNGSCv2.Updates~Policy~OneDriveNGSC/KFMOptInNoWizard","",,""
"KFMOptInNoWizard","SOFTWARE\Policies\Microsoft\OneDrive","KFMOptInNoWizard","Silently move Windows known folders to OneDrive","KFMOptInNoWizard","KFMOptInNoWizard; Silently move Windows known folders to OneDrive; \OneDrive; OneDrive; One Drive","device_vendor_msft_policy_config_onedrivengscv2~policy~onedrivengsc_kfmoptinnowizard","/Config/OneDriveNGSCv2~Policy~OneDriveNGSC/KFMOptInNoWizard","",,""
"KFMOptInNoWizard","SOFTWARE\Policies\Microsoft\OneDrive","KFMOptInNoWizard","Silently move Windows known folders to OneDrive","KFMOptInNoWizard","KFMOptInNoWizard; Silently move Windows known folders to OneDrive; \OneDrive; OneDrive","device_vendor_msft_policy_config_onedrivengscv2.updates~policy~onedrivengsc_kfmoptinnowizard","/Config/OneDriveNGSCv2.Updates~Policy~OneDriveNGSC/KFMOptInNoWizard","",,""
"KFMForceWindowsDisplayLanguage","SOFTWARE\Policies\Microsoft\OneDrive","KfmForceWindowsDisplayLanguage","Always use the user's Windows display language when provisioning known folders in OneDrive (User)","KFMForceWindowsDisplayLanguage","KFMForceWindowsDisplayLanguage; Always use the user's Windows display language when provisioning known folders in OneDrive; \OneDrive; OneDrive; One Drive","user_vendor_msft_policy_config_onedrivengscv4~policy~onedrivengsc_kfmforcewindowsdisplaylanguage","/Config/OneDriveNGSCv4~Policy~OneDriveNGSC/KFMForceWindowsDisplayLanguage","",,""
"KFMOptInWithWizard","SOFTWARE\Policies\Microsoft\OneDrive","KFMOptInWithWizard","Prompt users to move Windows known folders to OneDrive","KFMOptInWithWizard","KFMOptInWithWizard; Prompt users to move Windows known folders to OneDrive ; \OneDrive; OneDrive; One Drive","device_vendor_msft_policy_config_onedrivengscv2~policy~onedrivengsc_kfmoptinwithwizard","/Config/OneDriveNGSCv2~Policy~OneDriveNGSC/KFMOptInWithWizard","",,""
"DisableFREAnimation","SOFTWARE\Policies\Microsoft\OneDrive","DisableFREAnimation","Disable animation that appears during OneDrive Setup (User)","DisableFREAnimation","DisableFREAnimation; Disable animation that appears during OneDrive Setup; \OneDrive; OneDrive","user_vendor_msft_policy_config_onedrivengscv6~policy~onedrivengsc_disablefreanimation","/Config/OneDriveNGSCv6~Policy~OneDriveNGSC/DisableFREAnimation","",,""
"DisableFRETutorial","SOFTWARE\Policies\Microsoft\OneDrive","DisableTutorial","Disable the tutorial that appears at the end of OneDrive Setup (User)","DisableFRETutorial","DisableFRETutorial; Disable the tutorial that appears at the end of OneDrive Setup; \OneDrive; OneDrive; One Drive","user_vendor_msft_policy_config_onedrivengscv2~policy~onedrivengsc_disablefretutorial","/Config/OneDriveNGSCv2~Policy~OneDriveNGSC/DisableFRETutorial","",,""
"SharePointOnPremApplicationIdUri","SOFTWARE\Policies\Microsoft\OneDrive","SharePointOnPremApplicationIdUri","","","","","","","",""
"SharePointOnPremOIDC","SOFTWARE\Policies\Microsoft\OneDrive","SharePointOnPremOIDC","","","","","","","",""
"SharePointOnPremPrioritization","SOFTWARE\Policies\Microsoft\OneDrive","SharePointOnPremPrioritization","Specify the OneDrive location in a hybrid environment","SharePointOnPremPrioritization","SharePointOnPremPrioritization; Specify the OneDrive location in a hybrid environment; \OneDrive; OneDrive; One Drive","device_vendor_msft_policy_config_onedrivengscv2~policy~onedrivengsc_sharepointonpremprioritization","/Config/OneDriveNGSCv2~Policy~OneDriveNGSC/SharePointOnPremPrioritization","",,""
"SharePointOnPremFrontDoorUrl","SOFTWARE\Policies\Microsoft\OneDrive","SharePointOnPremFrontDoorUrl","Specify SharePoint Server URL and organization name","SharePointOnPremFrontDoorUrl","SharePointOnPremFrontDoorUrl; Specify SharePoint Server URL and organization name; \OneDrive; OneDrive; One Drive","device_vendor_msft_policy_config_onedrivengscv2~policy~onedrivengsc_sharepointonpremfrontdoorurl","/Config/OneDriveNGSCv2~Policy~OneDriveNGSC/SharePointOnPremFrontDoorUrl","",,""
"BlockKnownFolderMove","SOFTWARE\Policies\Microsoft\OneDrive","BlockKnownFolderMove","Prevent users from moving their Windows known folders to OneDrive","BlockKnownFolderMove","BlockKnownFolderMove; Prevent users from moving their Windows known folders to OneDrive; \OneDrive; OneDrive; One Drive","device_vendor_msft_policy_config_onedrivengscv2~policy~onedrivengsc_blockknownfoldermove","/Config/OneDriveNGSCv2~Policy~OneDriveNGSC/BlockKnownFolderMove","",,""
"SharedContentDeleteConfirmation","SOFTWARE\Policies\Microsoft\OneDrive","SharedContentDeleteConfirmation","Prompt user to confirm when they delete shared content","SharedContentDeleteConfirmation","SharedContentDeleteConfirmation; Prompt user to confirm when they delete shared content; \OneDrive; OneDrive","device_vendor_msft_policy_config_onedrivengscv7~policy~onedrivengsc_sharedcontentdeleteconfirmation","/Config/OneDriveNGSCv7~Policy~OneDriveNGSC/SharedContentDeleteConfirmation","",,""
